node_name,MCC,DMNC,MNC,Degree,EPC,BottleNeck,EcCentricity,Closeness,Radiality,Betweenness,Stress,ClusteringCoefficient
9606.ENSP00000220764,0.0,0.0,0.0,0.0,1.0,0.0,0.0,0.0,0.0,0.0,0.0,0.0,
9606.ENSP00000314733,0.0,0.0,0.0,0.0,1.0,0.0,0.0,0.0,0.0,0.0,0.0,0.0,
9606.ENSP00000215061,0.0,0.0,0.0,0.0,1.0,0.0,0.0,0.0,0.0,0.0,0.0,0.0,
9606.ENSP00000296220,0.0,0.0,0.0,0.0,1.0,0.0,0.0,0.0,0.0,0.0,0.0,0.0,
9606.ENSP00000337852,0.0,0.0,0.0,0.0,1.0,0.0,0.0,0.0,0.0,0.0,0.0,0.0,
9606.ENSP00000357448,0.0,0.0,0.0,0.0,1.0,0.0,0.0,0.0,0.0,0.0,0.0,0.0,
9606.ENSP00000262352,0.0,0.0,0.0,0.0,1.0,0.0,0.0,0.0,0.0,0.0,0.0,0.0,
9606.ENSP00000446093,0.0,0.0,0.0,0.0,1.0,0.0,0.0,0.0,0.0,0.0,0.0,0.0,
9606.ENSP00000267807,0.0,0.0,0.0,0.0,1.0,0.0,0.0,0.0,0.0,0.0,0.0,0.0,
9606.ENSP00000470152,0.0,0.0,0.0,0.0,1.0,0.0,0.0,0.0,0.0,0.0,0.0,0.0,
9606.ENSP00000274341,0.0,0.0,0.0,0.0,1.0,0.0,0.0,0.0,0.0,0.0,0.0,0.0,
9606.ENSP00000357453,0.0,0.0,0.0,0.0,1.0,0.0,0.0,0.0,0.0,0.0,0.0,0.0,
9606.ENSP00000359956,0.0,0.0,0.0,0.0,1.0,0.0,0.0,0.0,0.0,0.0,0.0,0.0,
9606.ENSP00000332296,0.0,0.0,0.0,0.0,1.0,0.0,0.0,0.0,0.0,0.0,0.0,0.0,
9606.ENSP00000378578,0.0,0.0,0.0,0.0,1.0,0.0,0.0,0.0,0.0,0.0,0.0,0.0,
9606.ENSP00000358309,0.0,0.0,0.0,0.0,1.0,0.0,0.0,0.0,0.0,0.0,0.0,0.0,
9606.ENSP00000222803,0.0,0.0,0.0,0.0,1.0,0.0,0.0,0.0,0.0,0.0,0.0,0.0,
9606.ENSP00000265896,0.0,0.0,0.0,0.0,1.0,0.0,0.0,0.0,0.0,0.0,0.0,0.0,
9606.ENSP00000498610,0.0,0.0,0.0,0.0,1.0,0.0,0.0,0.0,0.0,0.0,0.0,0.0,
9606.ENSP00000345361,0.0,0.0,0.0,0.0,1.0,0.0,0.0,0.0,0.0,0.0,0.0,0.0,
9606.ENSP00000295113,0.0,0.0,0.0,0.0,1.0,0.0,0.0,0.0,0.0,0.0,0.0,0.0,
9606.ENSP00000266732,0.0,0.0,0.0,0.0,1.0,0.0,0.0,0.0,0.0,0.0,0.0,0.0,
9606.ENSP00000427552,0.0,0.0,0.0,0.0,1.0,0.0,0.0,0.0,0.0,0.0,0.0,0.0,
9606.ENSP00000428518,0.0,0.0,0.0,0.0,1.0,0.0,0.0,0.0,0.0,0.0,0.0,0.0,
9606.ENSP00000449038,0.0,0.0,0.0,0.0,1.0,0.0,0.0,0.0,0.0,0.0,0.0,0.0,
9606.ENSP00000495128,0.0,0.0,0.0,0.0,1.0,0.0,0.0,0.0,0.0,0.0,0.0,0.0,
9606.ENSP00000368637,0.0,0.0,0.0,0.0,1.0,0.0,0.0,0.0,0.0,0.0,0.0,0.0,
9606.ENSP00000368516,0.0,0.0,0.0,0.0,1.0,0.0,0.0,0.0,0.0,0.0,0.0,0.0,
9606.ENSP00000334145,0.0,0.0,0.0,0.0,1.0,0.0,0.0,0.0,0.0,0.0,0.0,0.0,
9606.ENSP00000374069,0.0,0.0,0.0,0.0,1.0,0.0,0.0,0.0,0.0,0.0,0.0,0.0,
9606.ENSP00000237163,0.0,0.0,0.0,0.0,1.0,0.0,0.0,0.0,0.0,0.0,0.0,0.0,
9606.ENSP00000488838,0.0,0.0,0.0,0.0,1.0,0.0,0.0,0.0,0.0,0.0,0.0,0.0,
9606.ENSP00000263645,0.0,0.0,0.0,0.0,1.0,0.0,0.0,0.0,0.0,0.0,0.0,0.0,
9606.ENSP00000420612,0.0,0.0,0.0,0.0,1.0,0.0,0.0,0.0,0.0,0.0,0.0,0.0,
9606.ENSP00000315410,0.0,0.0,0.0,0.0,1.0,0.0,0.0,0.0,0.0,0.0,0.0,0.0,
9606.ENSP00000248139,0.0,0.0,0.0,0.0,1.0,0.0,0.0,0.0,0.0,0.0,0.0,0.0,
9606.ENSP00000351832,0.0,0.0,0.0,0.0,1.0,0.0,0.0,0.0,0.0,0.0,0.0,0.0,
9606.ENSP00000296486,0.0,0.0,0.0,0.0,1.0,0.0,0.0,0.0,0.0,0.0,0.0,0.0,
9606.ENSP00000265729,0.0,0.0,0.0,0.0,1.0,0.0,0.0,0.0,0.0,0.0,0.0,0.0,
9606.ENSP00000264993,0.0,0.0,0.0,0.0,1.0,0.0,0.0,0.0,0.0,0.0,0.0,0.0,
9606.ENSP00000369820,0.0,0.0,0.0,0.0,1.0,0.0,0.0,0.0,0.0,0.0,0.0,0.0,
9606.ENSP00000304501,0.0,0.0,0.0,0.0,1.0,0.0,0.0,0.0,0.0,0.0,0.0,0.0,
9606.ENSP00000358363,0.0,0.0,0.0,0.0,1.0,0.0,0.0,0.0,0.0,0.0,0.0,0.0,
9606.ENSP00000345292,0.0,0.0,0.0,0.0,1.0,0.0,0.0,0.0,0.0,0.0,0.0,0.0,
9606.ENSP00000296233,0.0,0.0,0.0,0.0,1.0,0.0,0.0,0.0,0.0,0.0,0.0,0.0,
9606.ENSP00000280612,0.0,0.0,0.0,0.0,1.0,0.0,0.0,0.0,0.0,0.0,0.0,0.0,
9606.ENSP00000346829,0.0,0.0,0.0,0.0,1.0,0.0,0.0,0.0,0.0,0.0,0.0,0.0,
9606.ENSP00000319231,0.0,0.0,0.0,0.0,1.0,0.0,0.0,0.0,0.0,0.0,0.0,0.0,
9606.ENSP00000445043,0.0,0.0,0.0,0.0,1.0,0.0,0.0,0.0,0.0,0.0,0.0,0.0,
9606.ENSP00000322628,0.0,0.0,0.0,0.0,1.0,0.0,0.0,0.0,0.0,0.0,0.0,0.0,
9606.ENSP00000425556,0.0,0.0,0.0,0.0,1.0,0.0,0.0,0.0,0.0,0.0,0.0,0.0,
9606.ENSP00000480359,0.0,0.0,0.0,0.0,1.0,0.0,0.0,0.0,0.0,0.0,0.0,0.0,
9606.ENSP00000202816,0.0,0.0,0.0,0.0,1.0,0.0,0.0,0.0,0.0,0.0,0.0,0.0,
9606.ENSP00000415786,0.0,0.0,0.0,0.0,1.0,0.0,0.0,0.0,0.0,0.0,0.0,0.0,
9606.ENSP00000381003,0.0,0.0,0.0,0.0,1.0,0.0,0.0,0.0,0.0,0.0,0.0,0.0,
9606.ENSP00000370213,0.0,0.0,0.0,0.0,1.0,0.0,0.0,0.0,0.0,0.0,0.0,0.0,
9606.ENSP00000463939,0.0,0.0,0.0,0.0,1.0,0.0,0.0,0.0,0.0,0.0,0.0,0.0,
9606.ENSP00000413496,0.0,0.0,0.0,0.0,1.0,0.0,0.0,0.0,0.0,0.0,0.0,0.0,
9606.ENSP00000244426,0.0,0.0,0.0,0.0,1.0,0.0,0.0,0.0,0.0,0.0,0.0,0.0,
9606.ENSP00000356416,0.0,0.0,0.0,0.0,1.0,0.0,0.0,0.0,0.0,0.0,0.0,0.0,
9606.ENSP00000483521,0.0,0.0,0.0,0.0,1.0,0.0,0.0,0.0,0.0,0.0,0.0,0.0,
9606.ENSP00000457243,0.0,0.0,0.0,0.0,1.0,0.0,0.0,0.0,0.0,0.0,0.0,0.0,
9606.ENSP00000332576,0.0,0.0,0.0,0.0,1.0,0.0,0.0,0.0,0.0,0.0,0.0,0.0,
9606.ENSP00000242576,0.0,0.0,0.0,0.0,1.0,0.0,0.0,0.0,0.0,0.0,0.0,0.0,
9606.ENSP00000346986,0.0,0.0,0.0,0.0,1.0,0.0,0.0,0.0,0.0,0.0,0.0,0.0,
9606.ENSP00000342267,0.0,0.0,0.0,0.0,1.0,0.0,0.0,0.0,0.0,0.0,0.0,0.0,
9606.ENSP00000355580,0.0,0.0,0.0,0.0,1.0,0.0,0.0,0.0,0.0,0.0,0.0,0.0,
9606.ENSP00000414521,0.0,0.0,0.0,0.0,1.0,0.0,0.0,0.0,0.0,0.0,0.0,0.0,
9606.ENSP00000370543,0.0,0.0,0.0,0.0,1.0,0.0,0.0,0.0,0.0,0.0,0.0,0.0,
9606.ENSP00000334785,0.0,0.0,0.0,0.0,1.0,0.0,0.0,0.0,0.0,0.0,0.0,0.0,
9606.ENSP00000335632,0.0,0.0,0.0,0.0,1.0,0.0,0.0,0.0,0.0,0.0,0.0,0.0,
9606.ENSP00000358617,0.0,0.0,0.0,0.0,1.0,0.0,0.0,0.0,0.0,0.0,0.0,0.0,
9606.ENSP00000390394,0.0,0.0,0.0,0.0,1.0,0.0,0.0,0.0,0.0,0.0,0.0,0.0,
9606.ENSP00000366058,0.0,0.0,0.0,0.0,1.0,0.0,0.0,0.0,0.0,0.0,0.0,0.0,
9606.ENSP00000369318,0.0,0.0,0.0,0.0,1.0,0.0,0.0,0.0,0.0,0.0,0.0,0.0,
9606.ENSP00000155926,0.0,0.0,0.0,0.0,1.0,0.0,0.0,0.0,0.0,0.0,0.0,0.0,
9606.ENSP00000448680,0.0,0.0,0.0,0.0,1.0,0.0,0.0,0.0,0.0,0.0,0.0,0.0,
9606.ENSP00000378260,0.0,0.0,0.0,0.0,1.0,0.0,0.0,0.0,0.0,0.0,0.0,0.0,
9606.ENSP00000219204,0.0,0.0,0.0,0.0,1.0,0.0,0.0,0.0,0.0,0.0,0.0,0.0,
9606.ENSP00000281928,0.0,0.0,0.0,0.0,1.0,0.0,0.0,0.0,0.0,0.0,0.0,0.0,
9606.ENSP00000357787,0.0,0.0,0.0,0.0,1.0,0.0,0.0,0.0,0.0,0.0,0.0,0.0,
9606.ENSP00000282903,0.0,0.0,0.0,0.0,1.0,0.0,0.0,0.0,0.0,0.0,0.0,0.0,
9606.ENSP00000312411,0.0,0.0,0.0,0.0,1.0,0.0,0.0,0.0,0.0,0.0,0.0,0.0,
9606.ENSP00000229002,0.0,0.0,0.0,0.0,1.0,0.0,0.0,0.0,0.0,0.0,0.0,0.0,
9606.ENSP00000370527,0.0,0.0,0.0,0.0,1.0,0.0,0.0,0.0,0.0,0.0,0.0,0.0,
9606.ENSP00000369786,0.0,0.0,0.0,0.0,1.0,0.0,0.0,0.0,0.0,0.0,0.0,0.0,
9606.ENSP00000266659,0.0,0.0,0.0,0.0,1.0,0.0,0.0,0.0,0.0,0.0,0.0,0.0,
9606.ENSP00000354280,0.0,0.0,0.0,0.0,1.0,0.0,0.0,0.0,0.0,0.0,0.0,0.0,
9606.ENSP00000381429,0.0,0.0,0.0,0.0,1.0,0.0,0.0,0.0,0.0,0.0,0.0,0.0,
9606.ENSP00000380333,0.0,0.0,0.0,0.0,1.0,0.0,0.0,0.0,0.0,0.0,0.0,0.0,
9606.ENSP00000377823,0.0,0.0,0.0,0.0,1.0,0.0,0.0,0.0,0.0,0.0,0.0,0.0,
9606.ENSP00000254190,0.0,0.0,0.0,0.0,1.0,0.0,0.0,0.0,0.0,0.0,0.0,0.0,
9606.ENSP00000480884,0.0,0.0,0.0,0.0,1.0,0.0,0.0,0.0,0.0,0.0,0.0,0.0,
9606.ENSP00000260743,0.0,0.0,0.0,0.0,1.0,0.0,0.0,0.0,0.0,0.0,0.0,0.0,
9606.ENSP00000429084,0.0,0.0,0.0,0.0,1.0,0.0,0.0,0.0,0.0,0.0,0.0,0.0,
9606.ENSP00000354964,0.0,0.0,0.0,0.0,1.0,0.0,0.0,0.0,0.0,0.0,0.0,0.0,
9606.ENSP00000396688,0.0,0.0,0.0,0.0,1.0,0.0,0.0,0.0,0.0,0.0,0.0,0.0,
9606.ENSP00000329797,0.0,0.0,0.0,0.0,1.0,0.0,0.0,0.0,0.0,0.0,0.0,0.0,
9606.ENSP00000306459,0.0,0.0,0.0,0.0,1.0,0.0,0.0,0.0,0.0,0.0,0.0,0.0,
9606.ENSP00000307305,0.0,0.0,0.0,0.0,1.0,0.0,0.0,0.0,0.0,0.0,0.0,0.0,
9606.ENSP00000384109,0.0,0.0,0.0,0.0,1.0,0.0,0.0,0.0,0.0,0.0,0.0,0.0,
9606.ENSP00000369080,0.0,0.0,0.0,0.0,1.0,0.0,0.0,0.0,0.0,0.0,0.0,0.0,
9606.ENSP00000436713,0.0,0.0,0.0,0.0,1.0,0.0,0.0,0.0,0.0,0.0,0.0,0.0,
9606.ENSP00000385450,0.0,0.0,0.0,0.0,1.0,0.0,0.0,0.0,0.0,0.0,0.0,0.0,
9606.ENSP00000481848,0.0,0.0,0.0,0.0,1.0,0.0,0.0,0.0,0.0,0.0,0.0,0.0,
9606.ENSP00000388713,0.0,0.0,0.0,0.0,1.0,0.0,0.0,0.0,0.0,0.0,0.0,0.0,
9606.ENSP00000361112,0.0,0.0,0.0,0.0,1.0,0.0,0.0,0.0,0.0,0.0,0.0,0.0,
9606.ENSP00000477590,0.0,0.0,0.0,0.0,1.0,0.0,0.0,0.0,0.0,0.0,0.0,0.0,
9606.ENSP00000362207,0.0,0.0,0.0,0.0,1.0,0.0,0.0,0.0,0.0,0.0,0.0,0.0,
9606.ENSP00000353414,0.0,0.0,0.0,0.0,1.0,0.0,0.0,0.0,0.0,0.0,0.0,0.0,
9606.ENSP00000328004,0.0,0.0,0.0,0.0,1.0,0.0,0.0,0.0,0.0,0.0,0.0,0.0,
9606.ENSP00000385410,0.0,0.0,0.0,0.0,1.0,0.0,0.0,0.0,0.0,0.0,0.0,0.0,
9606.ENSP00000002596,0.0,0.0,0.0,0.0,1.0,0.0,0.0,0.0,0.0,0.0,0.0,0.0,
9606.ENSP00000004531,0.0,0.0,0.0,0.0,1.0,0.0,0.0,0.0,0.0,0.0,0.0,0.0,
9606.ENSP00000279146,0.0,0.0,0.0,0.0,1.0,0.0,0.0,0.0,0.0,0.0,0.0,0.0,
9606.ENSP00000256015,0.0,0.0,0.0,0.0,1.0,0.0,0.0,0.0,0.0,0.0,0.0,0.0,
9606.ENSP00000343505,0.0,0.0,0.0,0.0,1.0,0.0,0.0,0.0,0.0,0.0,0.0,0.0,
9606.ENSP00000249842,0.0,0.0,0.0,0.0,1.0,0.0,0.0,0.0,0.0,0.0,0.0,0.0,
9606.ENSP00000420076,0.0,0.0,0.0,0.0,1.0,0.0,0.0,0.0,0.0,0.0,0.0,0.0,
9606.ENSP00000323927,0.0,0.0,0.0,0.0,1.0,0.0,0.0,0.0,0.0,0.0,0.0,0.0,
9606.ENSP00000370394,0.0,0.0,0.0,0.0,1.0,0.0,0.0,0.0,0.0,0.0,0.0,0.0,
9606.ENSP00000461945,0.0,0.0,0.0,0.0,1.0,0.0,0.0,0.0,0.0,0.0,0.0,0.0,
9606.ENSP00000459626,0.0,0.0,0.0,0.0,1.0,0.0,0.0,0.0,0.0,0.0,0.0,0.0,
9606.ENSP00000340125,0.0,0.0,0.0,0.0,1.0,0.0,0.0,0.0,0.0,0.0,0.0,0.0,
9606.ENSP00000295851,0.0,0.0,0.0,0.0,1.0,0.0,0.0,0.0,0.0,0.0,0.0,0.0,
9606.ENSP00000455169,0.0,0.0,0.0,0.0,1.0,0.0,0.0,0.0,0.0,0.0,0.0,0.0,
9606.ENSP00000264187,0.0,0.0,0.0,0.0,1.0,0.0,0.0,0.0,0.0,0.0,0.0,0.0,
9606.ENSP00000295962,0.0,0.0,0.0,0.0,1.0,0.0,0.0,0.0,0.0,0.0,0.0,0.0,
9606.ENSP00000331305,0.0,0.0,0.0,0.0,1.0,0.0,0.0,0.0,0.0,0.0,0.0,0.0,
9606.ENSP00000200557,0.0,0.0,0.0,0.0,1.0,0.0,0.0,0.0,0.0,0.0,0.0,0.0,
9606.ENSP00000225719,0.0,0.0,0.0,0.0,1.0,0.0,0.0,0.0,0.0,0.0,0.0,0.0,
9606.ENSP00000421380,0.0,0.0,0.0,0.0,1.0,0.0,0.0,0.0,0.0,0.0,0.0,0.0,
9606.ENSP00000288167,0.0,0.0,0.0,0.0,1.0,0.0,0.0,0.0,0.0,0.0,0.0,0.0,
9606.ENSP00000344989,0.0,0.0,0.0,0.0,1.0,0.0,0.0,0.0,0.0,0.0,0.0,0.0,
9606.ENSP00000256103,0.0,0.0,0.0,0.0,1.0,0.0,0.0,0.0,0.0,0.0,0.0,0.0,
9606.ENSP00000365908,0.0,0.0,0.0,0.0,1.0,0.0,0.0,0.0,0.0,0.0,0.0,0.0,
9606.ENSP00000382104,0.0,0.0,0.0,0.0,1.0,0.0,0.0,0.0,0.0,0.0,0.0,0.0,
9606.ENSP00000359225,0.0,0.0,0.0,0.0,1.0,0.0,0.0,0.0,0.0,0.0,0.0,0.0,
9606.ENSP00000369380,0.0,0.0,0.0,0.0,1.0,0.0,0.0,0.0,0.0,0.0,0.0,0.0,
9606.ENSP00000178638,0.0,0.0,0.0,0.0,1.0,0.0,0.0,0.0,0.0,0.0,0.0,0.0,
9606.ENSP00000268676,0.0,0.0,0.0,0.0,1.0,0.0,0.0,0.0,0.0,0.0,0.0,0.0,
9606.ENSP00000257312,0.0,0.0,0.0,0.0,1.0,0.0,0.0,0.0,0.0,0.0,0.0,0.0,
9606.ENSP00000232496,0.0,0.0,0.0,0.0,1.0,0.0,0.0,0.0,0.0,0.0,0.0,0.0,
9606.ENSP00000343552,0.0,0.0,0.0,0.0,1.0,0.0,0.0,0.0,0.0,0.0,0.0,0.0,
9606.ENSP00000264703,0.0,0.0,0.0,0.0,1.0,0.0,0.0,0.0,0.0,0.0,0.0,0.0,
9606.ENSP00000378996,0.0,0.0,0.0,0.0,1.0,0.0,0.0,0.0,0.0,0.0,0.0,0.0,
9606.ENSP00000296503,0.0,0.0,0.0,0.0,1.0,0.0,0.0,0.0,0.0,0.0,0.0,0.0,
9606.ENSP00000358497,0.0,0.0,0.0,0.0,1.0,0.0,0.0,0.0,0.0,0.0,0.0,0.0,
9606.ENSP00000338769,0.0,0.0,0.0,0.0,1.0,0.0,0.0,0.0,0.0,0.0,0.0,0.0,
9606.ENSP00000339754,0.0,0.0,0.0,0.0,1.0,0.0,0.0,0.0,0.0,0.0,0.0,0.0,
9606.ENSP00000465894,0.0,0.0,0.0,0.0,1.0,0.0,0.0,0.0,0.0,0.0,0.0,0.0,
9606.ENSP00000440396,0.0,0.0,0.0,0.0,1.0,0.0,0.0,0.0,0.0,0.0,0.0,0.0,
9606.ENSP00000363135,0.0,0.0,0.0,0.0,1.0,0.0,0.0,0.0,0.0,0.0,0.0,0.0,
9606.ENSP00000348460,0.0,0.0,0.0,0.0,1.0,0.0,0.0,0.0,0.0,0.0,0.0,0.0,
9606.ENSP00000253925,0.0,0.0,0.0,0.0,1.0,0.0,0.0,0.0,0.0,0.0,0.0,0.0,
9606.ENSP00000275954,0.0,0.0,0.0,0.0,1.0,0.0,0.0,0.0,0.0,0.0,0.0,0.0,
9606.ENSP00000260128,0.0,0.0,0.0,0.0,1.0,0.0,0.0,0.0,0.0,0.0,0.0,0.0,
9606.ENSP00000378733,0.0,0.0,0.0,0.0,1.0,0.0,0.0,0.0,0.0,0.0,0.0,0.0,
9606.ENSP00000282499,0.0,0.0,0.0,0.0,1.0,0.0,0.0,0.0,0.0,0.0,0.0,0.0,
9606.ENSP00000479716,0.0,0.0,0.0,0.0,1.0,0.0,0.0,0.0,0.0,0.0,0.0,0.0,
9606.ENSP00000367972,0.0,0.0,0.0,0.0,1.0,0.0,0.0,0.0,0.0,0.0,0.0,0.0,
9606.ENSP00000428259,0.0,0.0,0.0,0.0,1.0,0.0,0.0,0.0,0.0,0.0,0.0,0.0,
9606.ENSP00000498577,0.0,0.0,0.0,0.0,1.0,0.0,0.0,0.0,0.0,0.0,0.0,0.0,
9606.ENSP00000324287,0.0,0.0,0.0,0.0,1.0,0.0,0.0,0.0,0.0,0.0,0.0,0.0,
9606.ENSP00000248342,0.0,0.0,0.0,0.0,1.0,0.0,0.0,0.0,0.0,0.0,0.0,0.0,
9606.ENSP00000347038,0.0,0.0,0.0,0.0,1.0,0.0,0.0,0.0,0.0,0.0,0.0,0.0,
9606.ENSP00000419124,0.0,0.0,0.0,0.0,1.0,0.0,0.0,0.0,0.0,0.0,0.0,0.0,
9606.ENSP00000358045,0.0,0.0,0.0,0.0,1.0,0.0,0.0,0.0,0.0,0.0,0.0,0.0,
9606.ENSP00000273550,0.0,0.0,0.0,0.0,1.0,0.0,0.0,0.0,0.0,0.0,0.0,0.0,
9606.ENSP00000354929,0.0,0.0,0.0,0.0,1.0,0.0,0.0,0.0,0.0,0.0,0.0,0.0,
9606.ENSP00000432695,0.0,0.0,0.0,0.0,1.0,0.0,0.0,0.0,0.0,0.0,0.0,0.0,
9606.ENSP00000258229,0.0,0.0,0.0,0.0,1.0,0.0,0.0,0.0,0.0,0.0,0.0,0.0,
9606.ENSP00000217961,0.0,0.0,0.0,0.0,1.0,0.0,0.0,0.0,0.0,0.0,0.0,0.0,
9606.ENSP00000296424,0.0,0.0,0.0,0.0,1.0,0.0,0.0,0.0,0.0,0.0,0.0,0.0,
9606.ENSP00000464006,0.0,0.0,0.0,0.0,1.0,0.0,0.0,0.0,0.0,0.0,0.0,0.0,
9606.ENSP00000306894,0.0,0.0,0.0,0.0,1.0,0.0,0.0,0.0,0.0,0.0,0.0,0.0,
9606.ENSP00000296420,0.0,0.0,0.0,0.0,1.0,0.0,0.0,0.0,0.0,0.0,0.0,0.0,
9606.ENSP00000444433,0.0,0.0,0.0,0.0,1.0,0.0,0.0,0.0,0.0,0.0,0.0,0.0,
9606.ENSP00000278193,0.0,0.0,0.0,0.0,1.0,0.0,0.0,0.0,0.0,0.0,0.0,0.0,
9606.ENSP00000500695,0.0,0.0,0.0,0.0,1.0,0.0,0.0,0.0,0.0,0.0,0.0,0.0,
9606.ENSP00000263955,0.0,0.0,0.0,0.0,1.0,0.0,0.0,0.0,0.0,0.0,0.0,0.0,
9606.ENSP00000377840,0.0,0.0,0.0,0.0,1.0,0.0,0.0,0.0,0.0,0.0,0.0,0.0,
9606.ENSP00000337386,0.0,0.0,0.0,0.0,1.0,0.0,0.0,0.0,0.0,0.0,0.0,0.0,
9606.ENSP00000397312,0.0,0.0,0.0,0.0,1.0,0.0,0.0,0.0,0.0,0.0,0.0,0.0,
9606.ENSP00000338352,0.0,0.0,0.0,0.0,1.0,0.0,0.0,0.0,0.0,0.0,0.0,0.0,
9606.ENSP00000349244,0.0,0.0,0.0,0.0,1.0,0.0,0.0,0.0,0.0,0.0,0.0,0.0,
9606.ENSP00000355924,0.0,0.0,0.0,0.0,1.0,0.0,0.0,0.0,0.0,0.0,0.0,0.0,
9606.ENSP00000404079,0.0,0.0,0.0,0.0,1.0,0.0,0.0,0.0,0.0,0.0,0.0,0.0,
9606.ENSP00000259698,0.0,0.0,0.0,0.0,1.0,0.0,0.0,0.0,0.0,0.0,0.0,0.0,
9606.ENSP00000478417,0.0,0.0,0.0,0.0,1.0,0.0,0.0,0.0,0.0,0.0,0.0,0.0,
9606.ENSP00000360293,0.0,0.0,0.0,0.0,1.0,0.0,0.0,0.0,0.0,0.0,0.0,0.0,
9606.ENSP00000430000,0.0,0.0,0.0,0.0,1.0,0.0,0.0,0.0,0.0,0.0,0.0,0.0,
9606.ENSP00000342858,0.0,0.0,0.0,0.0,1.0,0.0,0.0,0.0,0.0,0.0,0.0,0.0,
9606.ENSP00000226760,0.0,0.0,0.0,0.0,1.0,0.0,0.0,0.0,0.0,0.0,0.0,0.0,
9606.ENSP00000306522,0.0,0.0,0.0,0.0,1.0,0.0,0.0,0.0,0.0,0.0,0.0,0.0,
9606.ENSP00000497691,1.0,0.0,1.0,1.0,1.334,1.0,0.0043,1.0,0.0129,0.0,0.0,0.0,
9606.ENSP00000460236,1.0,0.0,1.0,1.0,1.334,1.0,0.0043,1.0,0.0129,0.0,0.0,0.0,
9606.ENSP00000453793,1.0,0.0,1.0,1.0,16.829,1.0,0.04323,43.87897,4.32906,0.0,0.0,0.0,
9606.ENSP00000427695,1.0,0.0,1.0,1.0,4.935,1.0,0.0393,33.14495,3.69581,0.0,0.0,0.0,
9606.ENSP00000437256,1.0,0.0,1.0,1.0,18.031,1.0,0.04803,40.78175,4.21019,0.0,0.0,0.0,
9606.ENSP00000499300,1.0,0.0,1.0,1.0,1.349,1.0,0.0043,1.0,0.0129,0.0,0.0,0.0,
9606.ENSP00000396915,1.0,0.0,1.0,1.0,1.349,1.0,0.0043,1.0,0.0129,0.0,0.0,0.0,
9606.ENSP00000386892,1.0,0.0,1.0,1.0,26.223,1.0,0.05403,56.45119,4.80239,0.0,0.0,0.0,
9606.ENSP00000385968,1.0,0.0,1.0,1.0,1.574,1.0,0.00287,1.83333,0.02867,0.0,0.0,0.0,
9606.ENSP00000373570,1.0,0.0,1.0,1.0,21.14,1.0,0.04803,49.10952,4.54303,0.0,0.0,0.0,
9606.ENSP00000477572,2.0,0.0,1.0,2.0,1.911,2.0,0.0043,2.5,0.03441,4.0,4.0,0.0,
9606.ENSP00000370139,1.0,0.0,1.0,1.0,1.587,1.0,0.00287,1.83333,0.02867,0.0,0.0,0.0,
9606.ENSP00000489262,2.0,0.0,1.0,2.0,16.997,2.0,0.04323,45.5746,4.40687,398.0,884.0,0.0,
9606.ENSP00000368767,1.0,0.0,1.0,1.0,7.053,1.0,0.0393,36.75916,3.97677,0.0,0.0,0.0,
9606.ENSP00000377047,1.0,0.0,1.0,1.0,3.499,1.0,0.03088,28.73302,3.19871,0.0,0.0,0.0,
9606.ENSP00000366898,1.0,0.0,1.0,1.0,27.332,1.0,0.05403,56.45119,4.80239,0.0,0.0,0.0,
9606.ENSP00000366863,1.0,0.0,1.0,1.0,20.187,1.0,0.04323,48.7623,4.56248,0.0,0.0,0.0,
9606.ENSP00000479669,1.0,0.0,1.0,1.0,1.548,1.0,0.00287,1.83333,0.02867,0.0,0.0,0.0,
9606.ENSP00000371897,1.0,0.0,1.0,1.0,1.378,1.0,0.0043,1.0,0.0129,0.0,0.0,0.0,
9606.ENSP00000365198,1.0,0.0,1.0,1.0,1.378,1.0,0.0043,1.0,0.0129,0.0,0.0,0.0,
9606.ENSP00000443900,1.0,0.0,1.0,1.0,1.333,1.0,0.0043,1.0,0.0129,0.0,0.0,0.0,
9606.ENSP00000365159,1.0,0.0,1.0,1.0,1.333,1.0,0.0043,1.0,0.0129,0.0,0.0,0.0,
9606.ENSP00000363868,1.0,0.0,1.0,1.0,8.53,1.0,0.03602,37.31869,3.97894,0.0,0.0,0.0,
9606.ENSP00000358921,1.0,0.0,1.0,1.0,16.866,1.0,0.04323,43.44762,4.32906,0.0,0.0,0.0,
9606.ENSP00000393557,1.0,0.0,1.0,1.0,1.49,1.0,0.00323,1.5,0.01935,0.0,0.0,0.0,
9606.ENSP00000397261,1.0,0.0,1.0,1.0,1.471,1.0,0.00323,1.5,0.01935,0.0,0.0,0.0,
9606.ENSP00000358814,2.0,0.0,1.0,2.0,1.705,3.0,0.00645,2.0,0.02258,2.0,2.0,0.0,
9606.ENSP00000365730,2.0,0.0,1.0,2.0,1.861,2.0,0.0043,2.5,0.03441,4.0,4.0,0.0,
9606.ENSP00000358272,1.0,0.0,1.0,1.0,4.91,1.0,0.03325,29.59727,3.30894,0.0,0.0,0.0,
9606.ENSP00000445408,2.0,0.0,1.0,2.0,16.377,1.0,0.03602,39.00916,4.01568,5.0,10.0,0.0,
9606.ENSP00000355904,1.0,0.0,1.0,1.0,1.552,1.0,0.00323,1.5,0.01935,0.0,0.0,0.0,
9606.ENSP00000398523,7.0,0.46346,3.0,4.0,45.446,2.0,0.05403,52.5119,4.64029,398.0,950.0,0.5,
9606.ENSP00000356056,2.0,0.0,1.0,2.0,18.317,1.0,0.0393,41.64012,4.16481,49.53333,82.0,0.0,
9606.ENSP00000382707,1.0,0.0,1.0,1.0,23.602,1.0,0.04803,50.39603,4.61219,0.0,0.0,0.0,
9606.ENSP00000426120,1.0,0.0,1.0,1.0,1.382,1.0,0.0043,1.0,0.0129,0.0,0.0,0.0,
9606.ENSP00000350881,1.0,0.0,1.0,1.0,1.382,1.0,0.0043,1.0,0.0129,0.0,0.0,0.0,
9606.ENSP00000348984,1.0,0.0,1.0,1.0,6.851,1.0,0.0393,33.19812,3.66339,0.0,0.0,0.0,
9606.ENSP00000357721,1.0,0.0,1.0,1.0,8.518,1.0,0.0393,37.48535,4.02,0.0,0.0,0.0,
9606.ENSP00000341957,2.0,0.0,1.0,2.0,20.705,2.0,0.04323,46.7246,4.4501,398.0,892.0,0.0,
9606.ENSP00000347427,1.0,0.0,1.0,1.0,9.741,1.0,0.04323,39.33413,4.11726,0.0,0.0,0.0,
9606.ENSP00000341743,2.0,0.0,1.0,2.0,23.686,2.0,0.04803,49.77619,4.54735,398.0,852.0,0.0,
9606.ENSP00000340684,2.0,0.0,1.0,2.0,31.035,3.0,0.05403,51.97024,4.6619,923.40538,2488.0,0.0,
9606.ENSP00000463154,1.0,0.0,1.0,1.0,21.686,1.0,0.04803,47.34484,4.48684,0.0,0.0,0.0,
9606.ENSP00000352738,1.0,0.0,1.0,1.0,10.631,1.0,0.04323,40.21944,4.18642,0.0,0.0,0.0,
9606.ENSP00000340329,2.0,0.0,1.0,2.0,23.32,2.0,0.04803,51.0627,4.61652,398.0,1050.0,0.0,
9606.ENSP00000450962,1.0,0.0,1.0,1.0,18.0,1.0,0.04323,45.46587,4.44361,0.0,0.0,0.0,
9606.ENSP00000411152,1.0,0.0,1.0,1.0,21.545,1.0,0.0393,45.93297,4.42632,0.0,0.0,0.0,
9606.ENSP00000428112,1.0,0.0,1.0,1.0,1.384,1.0,0.0043,1.0,0.0129,0.0,0.0,0.0,
9606.ENSP00000337053,1.0,0.0,1.0,1.0,1.384,1.0,0.0043,1.0,0.0129,0.0,0.0,0.0,
9606.ENSP00000433102,2.0,0.0,1.0,2.0,19.518,1.0,0.04323,45.25159,4.41552,103.24286,192.0,0.0,
9606.ENSP00000369146,24.0,0.56839,4.0,4.0,5.668,1.0,0.0086,5.5,0.03441,0.0,0.0,1.0,
9606.ENSP00000327255,1.0,0.0,1.0,1.0,16.812,1.0,0.0393,42.28734,4.25342,0.0,0.0,0.0,
9606.ENSP00000334373,2.0,0.0,1.0,2.0,25.367,2.0,0.04803,50.33651,4.57977,245.87619,434.0,0.0,
9606.ENSP00000481841,2.0,0.30779,2.0,2.0,32.129,1.0,0.04803,49.10952,4.5279,0.0,0.0,1.0,
9606.ENSP00000410242,1.0,0.0,1.0,1.0,21.256,1.0,0.04803,48.60952,4.52574,0.0,0.0,0.0,
9606.ENSP00000337128,1.0,0.0,1.0,1.0,20.437,1.0,0.0393,43.05202,4.32042,0.0,0.0,0.0,
9606.ENSP00000444149,1.0,0.0,1.0,1.0,1.352,1.0,0.0043,1.0,0.0129,0.0,0.0,0.0,
9606.ENSP00000320378,1.0,0.0,1.0,1.0,1.352,1.0,0.0043,1.0,0.0129,0.0,0.0,0.0,
9606.ENSP00000480004,2.0,0.0,1.0,2.0,15.524,2.0,0.04803,46.39841,4.47387,597.37835,1342.0,0.0,
9606.ENSP00000319788,2.0,0.0,1.0,2.0,29.885,3.0,0.05403,57.775,4.83048,927.77835,1964.0,0.0,
9606.ENSP00000430620,2.0,0.0,1.0,2.0,1.893,2.0,0.0043,2.5,0.03441,4.0,4.0,0.0,
9606.ENSP00000319141,1.0,0.0,1.0,1.0,1.567,1.0,0.00287,1.83333,0.02867,0.0,0.0,0.0,
9606.ENSP00000318822,2.0,0.30779,2.0,2.0,33.547,1.0,0.04323,50.44206,4.57329,0.0,0.0,1.0,
9606.ENSP00000318803,1.0,0.0,1.0,1.0,10.654,1.0,0.0393,40.14964,4.17777,0.0,0.0,0.0,
9606.ENSP00000349860,1.0,0.0,1.0,1.0,13.607,1.0,0.04323,36.4873,3.90977,0.0,0.0,0.0,
9606.ENSP00000387123,8.0,0.46346,3.0,5.0,35.922,2.0,0.05403,49.98333,4.50197,946.44983,2554.0,0.3,
9606.ENSP00000317379,7.0,0.46346,3.0,4.0,33.941,2.0,0.04803,46.00159,4.33987,398.0,1030.0,0.5,
9606.ENSP00000351789,1.0,0.0,1.0,1.0,15.551,1.0,0.04323,41.49524,4.1929,0.0,0.0,0.0,
9606.ENSP00000348769,1.0,0.0,1.0,1.0,16.005,1.0,0.04323,41.49524,4.1929,0.0,0.0,0.0,
9606.ENSP00000316176,6.0,0.0,1.0,6.0,40.564,10.0,0.04803,54.52063,4.623,3062.2173,11046.0,0.0,
9606.ENSP00000323929,1.0,0.0,1.0,1.0,1.381,1.0,0.0043,1.0,0.0129,0.0,0.0,0.0,
9606.ENSP00000315130,1.0,0.0,1.0,1.0,1.381,1.0,0.0043,1.0,0.0129,0.0,0.0,0.0,
9606.ENSP00000419153,1.0,0.0,1.0,1.0,1.372,1.0,0.0043,1.0,0.0129,0.0,0.0,0.0,
9606.ENSP00000314709,1.0,0.0,1.0,1.0,1.372,1.0,0.0043,1.0,0.0129,0.0,0.0,0.0,
9606.ENSP00000381785,1.0,0.0,1.0,1.0,12.85,1.0,0.0393,36.47146,3.87952,0.0,0.0,0.0,
9606.ENSP00000314649,4.0,0.0,1.0,4.0,30.315,4.0,0.04323,46.15754,4.30961,501.02632,1560.0,0.0,
9606.ENSP00000409666,3.0,0.0,1.0,3.0,25.541,2.0,0.04803,47.34246,4.42848,484.58772,1426.0,0.0,
9606.ENSP00000314029,1.0,0.0,1.0,1.0,9.527,1.0,0.04323,37.59524,3.99839,0.0,0.0,0.0,
9606.ENSP00000312244,1.0,0.0,1.0,1.0,22.338,1.0,0.04803,47.34484,4.48684,0.0,0.0,0.0,
9606.ENSP00000327959,1.0,0.0,1.0,1.0,9.226,1.0,0.04323,37.89603,4.04161,0.0,0.0,0.0,
9606.ENSP00000419425,1.0,0.0,1.0,1.0,17.426,1.0,0.04323,40.10754,4.13887,0.0,0.0,0.0,
9606.ENSP00000370125,1.0,0.0,1.0,1.0,9.042,1.0,0.0393,37.80321,4.03945,0.0,0.0,0.0,
9606.ENSP00000306902,2.0,0.0,1.0,2.0,21.735,2.0,0.04323,47.31825,4.46955,398.0,1082.0,0.0,
9606.ENSP00000316377,1.0,0.0,1.0,1.0,12.724,1.0,0.0393,41.43694,4.22965,0.0,0.0,0.0,
9606.ENSP00000355627,3.0,0.0,1.0,3.0,41.052,1.0,0.04803,55.55516,4.77213,721.46818,1786.0,0.0,
9606.ENSP00000306138,4.0,0.0,1.0,4.0,37.43,6.0,0.04323,53.73492,4.65974,1427.54669,3634.0,0.0,
9606.ENSP00000363708,4.0,0.30779,2.0,4.0,32.727,2.0,0.04323,49.58175,4.50197,378.28059,1284.0,0.16667,
9606.ENSP00000410402,4.0,0.30779,2.0,4.0,48.113,2.0,0.04323,55.26944,4.68352,489.50293,1614.0,0.16667,
9606.ENSP00000386289,2.0,0.0,1.0,2.0,22.511,2.0,0.0393,46.73773,4.40903,398.0,1342.0,0.0,
9606.ENSP00000316809,2.0,0.30779,2.0,2.0,31.571,1.0,0.04323,49.73135,4.55168,0.0,0.0,1.0,
9606.ENSP00000380378,4.0,0.30779,2.0,4.0,40.145,3.0,0.04803,57.02897,4.75916,1185.08375,3098.0,0.16667,
9606.ENSP00000438085,2.0,0.0,1.0,2.0,24.287,2.0,0.0393,46.73773,4.40903,186.63218,1234.0,0.0,
9606.ENSP00000357048,2.0,0.30779,2.0,2.0,2.132,1.0,0.00358,2.83333,0.03495,0.0,0.0,1.0,
9606.ENSP00000299705,2.0,0.30779,2.0,2.0,2.144,1.0,0.00358,2.83333,0.03495,0.0,0.0,1.0,
9606.ENSP00000339004,5.0,0.30779,2.0,5.0,46.774,9.0,0.04803,60.49087,4.87371,1403.35094,3376.0,0.1,
9606.ENSP00000297142,1.0,0.0,1.0,1.0,16.005,1.0,0.04323,45.46587,4.44361,0.0,0.0,0.0,
9606.ENSP00000353731,2.0,0.0,1.0,2.0,19.319,2.0,0.04803,47.57659,4.51061,398.0,818.0,0.0,
9606.ENSP00000296456,1.0,0.0,1.0,1.0,8.082,1.0,0.04323,38.09881,4.08052,0.0,0.0,0.0,
9606.ENSP00000360296,1.0,0.0,1.0,1.0,1.371,1.0,0.0043,1.0,0.0129,0.0,0.0,0.0,
9606.ENSP00000295887,1.0,0.0,1.0,1.0,1.371,1.0,0.0043,1.0,0.0129,0.0,0.0,0.0,
9606.ENSP00000301464,1.0,0.0,1.0,1.0,1.368,1.0,0.0043,1.0,0.0129,0.0,0.0,0.0,
9606.ENSP00000295666,1.0,0.0,1.0,1.0,1.368,1.0,0.0043,1.0,0.0129,0.0,0.0,0.0,
9606.ENSP00000427603,1.0,0.0,1.0,1.0,1.388,1.0,0.0043,1.0,0.0129,0.0,0.0,0.0,
9606.ENSP00000295454,1.0,0.0,1.0,1.0,1.388,1.0,0.0043,1.0,0.0129,0.0,0.0,0.0,
9606.ENSP00000287322,1.0,0.0,1.0,1.0,9.264,1.0,0.04323,39.4373,4.14535,0.0,0.0,0.0,
9606.ENSP00000441802,1.0,0.0,1.0,1.0,16.457,1.0,0.04323,46.78889,4.47603,0.0,0.0,0.0,
9606.ENSP00000313391,1.0,0.0,1.0,1.0,16.308,1.0,0.04323,46.78889,4.47603,0.0,0.0,0.0,
9606.ENSP00000282249,1.0,0.0,1.0,1.0,16.626,1.0,0.04323,44.90794,4.40255,0.0,0.0,0.0,
9606.ENSP00000450436,2.0,0.0,1.0,2.0,22.351,1.0,0.04803,42.91746,4.22532,84.01681,238.0,0.0,
9606.ENSP00000346671,4.0,0.30779,2.0,4.0,53.938,9.0,0.04803,61.34802,4.90397,657.97423,2594.0,0.16667,
9606.ENSP00000274368,1.0,0.0,1.0,1.0,20.775,1.0,0.04323,44.89444,4.43929,0.0,0.0,0.0,
9606.ENSP00000272519,1.0,0.0,1.0,1.0,23.667,1.0,0.04323,46.65159,4.46523,0.0,0.0,0.0,
9606.ENSP00000359910,14.0,0.38896,5.0,5.0,50.267,4.0,0.05403,61.55119,4.89316,603.06846,1786.0,0.6,
9606.ENSP00000309474,12.0,0.47366,4.0,4.0,43.301,1.0,0.04803,50.44683,4.55816,36.85238,142.0,0.83333,
9606.ENSP00000355865,16.0,0.37893,4.0,9.0,60.035,20.0,0.05403,65.84881,4.958,3473.53413,11386.0,0.19444,
9606.ENSP00000270586,12.0,0.47366,4.0,4.0,42.577,1.0,0.04803,50.44683,4.55816,36.85238,142.0,0.83333,
9606.ENSP00000339090,2.0,0.30779,2.0,2.0,1.912,1.0,0.00645,2.0,0.0129,0.0,0.0,1.0,
9606.ENSP00000365625,2.0,0.30779,2.0,2.0,1.912,1.0,0.00645,2.0,0.0129,0.0,0.0,1.0,
9606.ENSP00000269601,2.0,0.30779,2.0,2.0,1.908,1.0,0.00645,2.0,0.0129,0.0,0.0,1.0,
9606.ENSP00000356231,4.0,0.0,1.0,4.0,27.745,3.0,0.0393,48.97107,4.44145,813.38138,3014.0,0.0,
9606.ENSP00000266126,1.0,0.0,1.0,1.0,11.464,1.0,0.03602,38.3425,4.01135,0.0,0.0,0.0,
9606.ENSP00000420040,1.0,0.0,1.0,1.0,1.492,1.0,0.00287,1.83333,0.02867,0.0,0.0,0.0,
9606.ENSP00000419952,2.0,0.0,1.0,2.0,1.852,2.0,0.0043,2.5,0.03441,4.0,4.0,0.0,
9606.ENSP00000265969,2.0,0.0,1.0,2.0,1.836,2.0,0.0043,2.5,0.03441,4.0,4.0,0.0,
9606.ENSP00000371548,1.0,0.0,1.0,1.0,3.51,1.0,0.03602,28.43983,3.20303,0.0,0.0,0.0,
9606.ENSP00000354778,2.0,0.0,1.0,2.0,16.057,3.0,0.04323,40.25635,4.0589,792.0,2936.0,0.0,
9606.ENSP00000265727,2.0,0.0,1.0,2.0,7.805,2.0,0.0393,33.60639,3.63313,398.0,1470.0,0.0,
9606.ENSP00000368314,3.0,0.30779,2.0,3.0,6.812,2.0,0.03325,34.4464,3.62881,398.0,1122.0,0.33333,
9606.ENSP00000349259,2.0,0.30779,2.0,2.0,7.153,1.0,0.03325,33.9464,3.62665,0.0,0.0,1.0,
9606.ENSP00000294413,2.0,0.30779,2.0,2.0,6.999,1.0,0.03325,33.77974,3.62448,0.0,0.0,1.0,
9606.ENSP00000370744,2.0,0.0,1.0,2.0,23.904,8.0,0.0393,47.98297,4.45658,2702.0,7770.0,0.0,
9606.ENSP00000311165,2.0,0.30779,2.0,2.0,6.094,1.0,0.03325,33.77974,3.62448,0.0,0.0,1.0,
9606.ENSP00000342222,1.0,0.0,1.0,1.0,5.538,1.0,0.03325,33.27974,3.62232,0.0,0.0,0.0,
9606.ENSP00000265709,6.0,0.30779,2.0,6.0,11.883,7.0,0.03602,41.66392,4.05242,2350.0,6694.0,0.13333,
9606.ENSP00000273450,1.0,0.0,1.0,1.0,3.433,1.0,0.03602,30.81483,3.48184,0.0,0.0,0.0,
9606.ENSP00000348931,2.0,0.0,1.0,2.0,18.405,3.0,0.04323,44.79563,4.33771,792.0,1788.0,0.0,
9606.ENSP00000265113,2.0,0.0,1.0,2.0,8.45,2.0,0.0393,36.804,3.91194,398.0,896.0,0.0,
9606.ENSP00000405926,3.0,0.30779,2.0,3.0,2.404,5.0,0.00538,3.5,0.04032,8.0,8.0,0.33333,
9606.ENSP00000395012,1.0,0.0,1.0,1.0,1.656,1.0,0.00358,2.16667,0.02957,0.0,0.0,0.0,
9606.ENSP00000264933,2.0,0.0,1.0,2.0,2.108,2.0,0.00538,3.0,0.03763,6.0,6.0,0.0,
9606.ENSP00000361818,2.0,0.30779,2.0,2.0,30.932,1.0,0.04803,51.76825,4.62948,0.0,0.0,1.0,
9606.ENSP00000431391,1.0,0.0,1.0,1.0,24.786,1.0,0.04803,51.26825,4.62732,0.0,0.0,0.0,
9606.ENSP00000323588,14.0,0.21953,7.0,9.0,59.154,12.0,0.05403,67.16786,4.95584,2281.1897,5370.0,0.16667,
9606.ENSP00000307046,2.0,0.30779,2.0,2.0,30.521,1.0,0.04803,51.76825,4.62948,0.0,0.0,1.0,
9606.ENSP00000426809,4.0,0.30898,3.0,3.0,41.788,1.0,0.04803,54.3254,4.68352,46.19567,186.0,0.66667,
9606.ENSP00000303686,2.0,0.0,1.0,2.0,28.169,1.0,0.04323,48.49325,4.55816,31.60244,132.0,0.0,
9606.ENSP00000264218,3.0,0.30779,2.0,3.0,42.249,2.0,0.04323,55.02421,4.73755,160.99465,364.0,0.33333,
9606.ENSP00000359295,1.0,0.0,1.0,1.0,23.083,1.0,0.04803,46.75317,4.46739,0.0,0.0,0.0,
9606.ENSP00000311825,2.0,0.0,1.0,2.0,21.996,2.0,0.04803,47.41984,4.47171,398.0,798.0,0.0,
9606.ENSP00000262435,2.0,0.30779,2.0,2.0,26.802,1.0,0.04323,45.03413,4.38742,0.0,0.0,1.0,
9606.ENSP00000478303,2.0,0.0,1.0,2.0,2.653,2.0,0.03325,27.0534,2.94584,398.0,1426.0,0.0,
9606.ENSP00000262043,1.0,0.0,1.0,1.0,1.86,1.0,0.03088,23.55328,2.51574,0.0,0.0,0.0,
9606.ENSP00000501150,10.0,0.30898,3.0,9.0,67.005,7.0,0.04803,68.9623,5.04013,4164.7078,13850.0,0.11111,
9606.ENSP00000451030,6.0,0.46346,3.0,3.0,48.097,1.0,0.04323,53.96706,4.69648,0.0,0.0,1.0,
9606.ENSP00000397181,2.0,0.30779,2.0,2.0,37.383,1.0,0.04323,51.25992,4.62516,0.0,0.0,1.0,
9606.ENSP00000339381,2.0,0.30779,2.0,2.0,36.591,1.0,0.04323,51.25992,4.62516,0.0,0.0,1.0,
9606.ENSP00000338185,10.0,0.2842,4.0,8.0,58.615,19.0,0.04323,62.17421,4.85642,4614.01353,13920.0,0.10714,
9606.ENSP00000419325,12.0,0.32413,5.0,7.0,54.885,15.0,0.04323,58.05754,4.75052,2062.31402,5936.0,0.2381,
9606.ENSP00000382177,3.0,0.0,1.0,3.0,27.815,3.0,0.04323,51.27659,4.60787,645.36667,1090.0,0.0,
9606.ENSP00000322924,9.0,0.37893,4.0,5.0,54.328,2.0,0.04323,56.49087,4.75052,436.76667,1450.0,0.4,
9606.ENSP00000261819,1.0,0.0,1.0,1.0,21.853,1.0,0.04803,49.10952,4.54303,0.0,0.0,0.0,
9606.ENSP00000300574,10.0,0.30779,2.0,10.0,56.283,18.0,0.04323,63.05754,4.83481,3900.33177,12788.0,0.06667,
9606.ENSP00000354837,3.0,0.0,1.0,3.0,19.877,1.0,0.0393,43.93139,4.25126,159.14862,284.0,0.0,
9606.ENSP00000259818,2.0,0.0,1.0,2.0,19.812,2.0,0.04323,48.60556,4.51277,277.60172,700.0,0.0,
9606.ENSP00000359988,2.0,0.0,1.0,2.0,17.516,2.0,0.04323,40.45,4.09348,398.0,1250.0,0.0,
9606.ENSP00000438574,3.0,0.0,1.0,3.0,37.127,6.0,0.04803,54.49325,4.69648,952.09121,2656.0,0.0,
9606.ENSP00000293362,7.0,0.46346,3.0,4.0,41.279,1.0,0.04803,49.33254,4.50845,106.55966,444.0,0.5,
9606.ENSP00000324628,1.0,0.0,1.0,1.0,1.678,1.0,0.0043,2.0,0.02007,0.0,0.0,0.0,
9606.ENSP00000379602,1.0,0.0,1.0,1.0,1.671,1.0,0.0043,2.0,0.02007,0.0,0.0,0.0,
9606.ENSP00000311449,1.0,0.0,1.0,1.0,1.656,1.0,0.0043,2.0,0.02007,0.0,0.0,0.0,
9606.ENSP00000258301,3.0,0.0,1.0,3.0,2.139,4.0,0.0086,3.0,0.02581,6.0,6.0,0.0,
9606.ENSP00000448696,1.0,0.0,1.0,1.0,1.387,1.0,0.0043,1.0,0.0129,0.0,0.0,0.0,
9606.ENSP00000256646,1.0,0.0,1.0,1.0,1.387,1.0,0.0043,1.0,0.0129,0.0,0.0,0.0,
9606.ENSP00000308405,7.0,0.46346,3.0,4.0,44.839,2.0,0.04803,51.61627,4.56897,398.0,1392.0,0.5,
9606.ENSP00000382204,1.0,0.0,1.0,1.0,24.92,1.0,0.04803,44.72738,4.355,0.0,0.0,0.0,
9606.ENSP00000379140,5.0,0.30779,2.0,5.0,46.63,5.0,0.05403,63.0369,4.93639,1746.48485,3978.0,0.1,
9606.ENSP00000254301,1.0,0.0,1.0,1.0,18.36,1.0,0.04803,46.90992,4.50629,0.0,0.0,0.0,
9606.ENSP00000358081,2.0,0.0,1.0,2.0,10.164,2.0,0.04323,40.10397,4.14968,398.0,966.0,0.0,
9606.ENSP00000248553,1.0,0.0,1.0,1.0,5.282,1.0,0.0393,33.14964,3.71958,0.0,0.0,0.0,
9606.ENSP00000246912,1.0,0.0,1.0,1.0,11.757,1.0,0.03602,34.89012,3.74119,0.0,0.0,0.0,
9606.ENSP00000492024,7.0,0.30898,3.0,6.0,44.857,6.0,0.04803,58.28016,4.75916,1998.0,4556.0,0.13333,
9606.ENSP00000245479,1.0,0.0,1.0,1.0,18.499,1.0,0.04323,43.87897,4.32906,0.0,0.0,0.0,
9606.ENSP00000362817,1.0,0.0,1.0,1.0,14.709,1.0,0.0393,37.73892,3.93355,0.0,0.0,0.0,
9606.ENSP00000466259,4.0,0.0,1.0,4.0,28.463,2.0,0.0393,43.85877,4.17129,475.65714,1348.0,0.0,
9606.ENSP00000377995,72.0,0.57059,6.0,6.0,6.15,1.0,0.0086,6.5,0.03932,1.5,6.0,0.8,
9606.ENSP00000330587,72.0,0.57059,6.0,6.0,6.097,1.0,0.0086,6.5,0.03932,1.5,6.0,0.8,
9606.ENSP00000334872,72.0,0.57059,6.0,6.0,6.15,1.0,0.0086,6.5,0.03932,1.5,6.0,0.8,
9606.ENSP00000245185,24.0,0.56839,4.0,4.0,5.738,1.0,0.0086,5.5,0.03441,0.0,0.0,1.0,
9606.ENSP00000358327,2.0,0.0,1.0,2.0,1.9,2.0,0.0043,2.5,0.03441,4.0,4.0,0.0,
9606.ENSP00000241261,1.0,0.0,1.0,1.0,1.599,1.0,0.00287,1.83333,0.02867,0.0,0.0,0.0,
9606.ENSP00000360035,1.0,0.0,1.0,1.0,1.367,1.0,0.0043,1.0,0.0129,0.0,0.0,0.0,
9606.ENSP00000238994,1.0,0.0,1.0,1.0,1.367,1.0,0.0043,1.0,0.0129,0.0,0.0,0.0,
9606.ENSP00000370128,2.0,0.0,1.0,2.0,1.778,3.0,0.00645,2.0,0.02258,2.0,2.0,0.0,
9606.ENSP00000234256,1.0,0.0,1.0,1.0,1.528,1.0,0.00323,1.5,0.01935,0.0,0.0,0.0,
9606.ENSP00000277120,4.0,0.0,1.0,4.0,47.933,2.0,0.04803,58.58373,4.82184,461.88001,1360.0,0.0,
9606.ENSP00000276571,4.0,0.30779,2.0,4.0,51.284,2.0,0.04803,59.17183,4.86939,672.98106,1648.0,0.16667,
9606.ENSP00000489189,3.0,0.0,1.0,3.0,22.155,4.0,0.04803,50.00635,4.57545,1186.0,2890.0,0.0,
9606.ENSP00000231509,7.0,0.30898,3.0,6.0,59.237,8.0,0.05403,65.92976,4.99258,2105.56961,5540.0,0.13333,
9606.ENSP00000264156,2.0,0.0,1.0,2.0,33.292,1.0,0.04803,50.97619,4.5841,26.75238,78.0,0.0,
9606.ENSP00000258962,5.0,0.30779,2.0,5.0,45.616,3.0,0.04803,51.52024,4.51926,922.37436,2808.0,0.1,
9606.ENSP00000469880,1.0,0.0,1.0,1.0,14.006,1.0,0.04323,45.25794,4.42416,0.0,0.0,0.0,
9606.ENSP00000394560,9.0,0.30779,2.0,9.0,57.376,8.0,0.04803,63.52421,4.89532,2236.91389,7850.0,0.05556,
9606.ENSP00000261023,5.0,0.30898,3.0,4.0,32.971,3.0,0.04323,52.14802,4.5949,565.91894,1352.0,0.33333,
9606.ENSP00000355896,4.0,0.30779,2.0,4.0,37.092,4.0,0.04803,56.08492,4.72242,834.85928,2152.0,0.16667,
9606.ENSP00000375778,2.0,0.30779,2.0,2.0,17.682,1.0,0.0393,40.95996,4.16697,0.0,0.0,1.0,
9606.ENSP00000222573,4.0,0.30898,3.0,3.0,23.982,1.0,0.04323,45.82976,4.37229,81.03333,236.0,0.66667,
9606.ENSP00000264649,2.0,0.30779,2.0,2.0,1.938,1.0,0.00645,2.0,0.0129,0.0,0.0,1.0,
9606.ENSP00000429690,2.0,0.30779,2.0,2.0,1.916,1.0,0.00645,2.0,0.0129,0.0,0.0,1.0,
9606.ENSP00000216442,2.0,0.30779,2.0,2.0,1.964,1.0,0.00645,2.0,0.0129,0.0,0.0,1.0,
9606.ENSP00000350928,13.0,0.28529,6.0,7.0,45.264,9.0,0.04803,55.63373,4.67271,2385.30319,7778.0,0.28571,
9606.ENSP00000365437,12.0,0.32413,5.0,7.0,40.563,4.0,0.04803,51.39206,4.48035,1755.36126,5900.0,0.2381,
9606.ENSP00000384364,10.0,0.2842,4.0,8.0,61.522,12.0,0.04803,65.34563,4.97313,3545.91126,11950.0,0.14286,
9606.ENSP00000216200,4.0,0.30898,3.0,3.0,38.085,1.0,0.04323,51.30992,4.60139,300.55322,1680.0,0.66667,
9606.ENSP00000345445,1.0,0.0,1.0,1.0,9.921,1.0,0.04803,37.69087,4.05674,0.0,0.0,0.0,
9606.ENSP00000216034,2.0,0.0,1.0,2.0,24.036,2.0,0.05403,46.97143,4.48684,398.0,836.0,0.0,
9606.ENSP00000498083,1.0,0.0,1.0,1.0,27.133,1.0,0.04803,56.24921,4.78294,0.0,0.0,0.0,
9606.ENSP00000279488,1.0,0.0,1.0,1.0,28.653,1.0,0.04803,56.24921,4.78294,0.0,0.0,0.0,
9606.ENSP00000368884,1.0,0.0,1.0,1.0,25.859,1.0,0.04803,56.24921,4.78294,0.0,0.0,0.0,
9606.ENSP00000226004,3.0,0.0,1.0,3.0,38.058,2.0,0.04803,59.93254,4.85426,482.97295,1424.0,0.0,
9606.ENSP00000305769,6.0,0.2842,4.0,4.0,40.119,1.0,0.04803,58.91587,4.81535,446.80448,1924.0,0.5,
9606.ENSP00000354394,11.0,0.2842,4.0,9.0,63.406,20.0,0.05403,70.20476,5.04229,2799.07452,8526.0,0.08333,
9606.ENSP00000353344,1.0,0.0,1.0,1.0,27.621,1.0,0.04803,56.24921,4.78294,0.0,0.0,0.0,
9606.ENSP00000282561,5.0,0.0,1.0,5.0,41.848,13.0,0.04803,63.06587,4.90613,1827.02682,4704.0,0.0,
9606.ENSP00000500582,10.0,0.25931,5.0,7.0,61.733,11.0,0.04803,66.86468,4.99258,1288.5871,4234.0,0.19048,
9606.ENSP00000441954,6.0,0.2842,4.0,4.0,39.492,4.0,0.04803,58.91587,4.81535,446.80448,1924.0,0.5,
9606.ENSP00000382697,2.0,0.30779,2.0,2.0,43.452,1.0,0.05403,62.3381,4.92558,0.0,0.0,1.0,
9606.ENSP00000378040,5.0,0.30779,2.0,5.0,52.415,3.0,0.04803,61.78254,4.87587,1067.58724,2858.0,0.2,
9606.ENSP00000417183,2.0,0.0,1.0,2.0,40.138,1.0,0.04803,59.26587,4.84994,84.97295,590.0,0.0,
9606.ENSP00000477999,4.0,0.30779,2.0,4.0,42.933,4.0,0.04803,59.56587,4.83265,1186.0,2644.0,0.16667,
9606.ENSP00000354490,2.0,0.30779,2.0,2.0,33.671,1.0,0.04803,56.74921,4.7851,0.0,0.0,1.0,
9606.ENSP00000250111,2.0,0.30779,2.0,2.0,32.009,1.0,0.04803,56.74921,4.7851,0.0,0.0,1.0,
9606.ENSP00000367872,28.0,0.22058,11.0,11.0,67.412,33.0,0.04803,71.67897,5.07687,3817.79522,12510.0,0.23636,
9606.ENSP00000264498,15.0,0.23775,6.0,11.0,64.484,10.0,0.05403,72.3631,5.05742,4124.89083,10250.0,0.10909,
9606.ENSP00000261837,25.0,0.26253,9.0,10.0,63.715,6.0,0.04803,68.74563,5.01852,3407.87503,9482.0,0.24444,
9606.ENSP00000360021,12.0,0.47366,4.0,4.0,56.036,1.0,0.04803,62.57183,4.92774,106.18672,504.0,0.83333,
9606.ENSP00000370698,3.0,0.30779,2.0,3.0,52.445,1.0,0.04803,62.08135,4.92342,146.66318,874.0,0.33333,
9606.ENSP00000215832,33.0,0.19093,9.0,23.0,71.685,74.0,0.05403,83.62738,5.21303,11698.82281,33696.0,0.05138,
9606.ENSP00000378699,10.0,0.30779,2.0,10.0,57.071,16.0,0.05403,68.23452,4.97313,4577.00552,11150.0,0.02222,
9606.ENSP00000486540,2.0,0.0,1.0,2.0,10.037,2.0,0.04323,40.13413,4.1259,398.0,852.0,0.0,
9606.ENSP00000215631,2.0,0.0,1.0,2.0,22.56,3.0,0.04803,50.02619,4.55168,792.0,1700.0,0.0,
9606.ENSP00000368880,17.0,0.2041,8.0,11.0,70.838,37.0,0.05403,77.53452,5.20655,7022.2218,24480.0,0.12727,
9606.ENSP00000358072,9.0,0.37893,4.0,5.0,54.676,3.0,0.05403,56.76548,4.75268,570.35592,1936.0,0.4,
9606.ENSP00000263754,20.0,0.45378,5.0,7.0,57.094,6.0,0.05403,63.37619,4.89748,1531.00402,4016.0,0.33333,
9606.ENSP00000340330,21.0,0.45378,5.0,8.0,59.232,5.0,0.05403,64.65,4.91694,2568.44977,8876.0,0.25,
9606.ENSP00000437955,32.0,0.19025,12.0,18.0,71.321,85.0,0.06175,83.1119,5.23248,12141.59816,34390.0,0.0915,
9606.ENSP00000254810,18.0,0.33284,6.0,8.0,60.21,6.0,0.05403,60.29405,4.7851,1406.85273,4590.0,0.25,
9606.ENSP00000384371,3.0,0.30779,2.0,3.0,52.107,1.0,0.05403,58.92976,4.86723,57.93912,410.0,0.33333,
9606.ENSP00000229595,5.0,0.30898,3.0,4.0,49.895,1.0,0.05403,53.8619,4.66623,215.81836,820.0,0.33333,
9606.ENSP00000364204,11.0,0.32413,5.0,6.0,58.96,3.0,0.06175,62.1381,4.91261,1272.19495,3824.0,0.33333,
9606.ENSP00000212015,22.0,0.23866,9.0,9.0,66.178,2.0,0.06175,68.17143,5.01852,1816.38232,6870.0,0.27778,
9606.ENSP00000419087,2.0,0.0,1.0,2.0,10.706,2.0,0.03602,35.34012,3.73903,398.0,988.0,0.0,
9606.ENSP00000482773,4.0,0.30779,2.0,4.0,35.84,8.0,0.0393,48.53059,4.40687,876.24257,2616.0,0.16667,
9606.ENSP00000345341,2.0,0.0,1.0,2.0,13.875,1.0,0.04323,41.47103,4.20371,357.11169,884.0,0.0,
9606.ENSP00000245206,6.0,0.30779,2.0,6.0,36.29,2.0,0.04323,48.74444,4.36365,1029.82776,2912.0,0.13333,
9606.ENSP00000203407,4.0,0.30779,2.0,4.0,23.545,3.0,0.0393,43.4421,4.16481,949.33333,2294.0,0.16667,
9606.ENSP00000328137,74.0,0.47564,7.0,7.0,6.207,2.0,0.0172,7.0,0.04178,8.5,16.0,0.61905,
9606.ENSP00000476141,26.0,0.45378,5.0,5.0,5.833,1.0,0.0086,6.0,0.03687,3.0,6.0,0.7,
9606.ENSP00000200691,2.0,0.30779,2.0,2.0,4.355,1.0,0.0086,4.5,0.02949,0.0,0.0,1.0,
9606.ENSP00000409667,3.0,0.30779,2.0,3.0,44.977,2.0,0.04323,53.2504,4.67919,157.8504,870.0,0.33333,
9606.ENSP00000262039,6.0,0.30898,3.0,5.0,47.052,2.0,0.05403,55.62262,4.74187,908.65555,3154.0,0.2,
9606.ENSP00000359423,3.0,0.30779,2.0,3.0,38.76,1.0,0.04803,49.65278,4.55384,148.74579,748.0,0.33333,
9606.ENSP00000180173,2.0,0.30779,2.0,2.0,26.746,1.0,0.04803,43.24563,4.3161,0.0,0.0,1.0,
9606.ENSP00000074304,5.0,0.30898,3.0,4.0,37.551,1.0,0.04803,45.54206,4.37877,35.18571,146.0,0.33333,
9606.ENSP00000265963,2.0,0.0,1.0,2.0,4.243,3.0,0.03602,30.83117,3.37161,792.0,2848.0,0.0,
9606.ENSP00000351697,2.0,0.0,1.0,2.0,16.433,5.0,0.04323,42.62857,4.21019,1568.0,5680.0,0.0,
9606.ENSP00000013807,2.0,0.0,1.0,2.0,7.857,4.0,0.0393,35.67504,3.79306,1182.0,4266.0,0.0,
9606.ENSP00000280346,5.0,0.30779,2.0,5.0,33.291,6.0,0.04323,49.80516,4.48684,1042.97799,2704.0,0.1,
9606.ENSP00000498864,2.0,0.30779,2.0,2.0,18.424,1.0,0.04323,42.46349,4.26639,0.0,0.0,1.0,
9606.ENSP00000301455,2.0,0.0,1.0,2.0,30.877,3.0,0.05403,58.26786,4.84129,856.64467,1950.0,0.0,
9606.ENSP00000005178,3.0,0.30779,2.0,3.0,22.082,2.0,0.04803,49.10873,4.556,599.05896,1476.0,0.33333,
