#node1	node2	node1_string_id	node2_string_id	neighborhood_on_chromosome	gene_fusion	phylogenetic_cooccurrence	homology	coexpression	experimentally_determined_interaction	database_annotated	automated_textmining	combined_score
A2M	CLU	9606.ENSP00000323929	9606.ENSP00000315130	0	0	0	0	0.098	0	0	0.890	0.896
ABCA1	GULP1	9606.ENSP00000363868	9606.ENSP00000386289	0	0	0	0	0.043	0	0	0.828	0.829
ACLY	GOT2	9606.ENSP00000466259	9606.ENSP00000245206	0	0	0	0	0.188	0	0.800	0.488	0.909
ACLY	MLX	9606.ENSP00000466259	9606.ENSP00000246912	0	0	0	0	0.060	0	0.750	0	0.754
ACLY	DLAT	9606.ENSP00000466259	9606.ENSP00000280346	0.079	0	0	0	0.580	0.099	0.932	0.583	0.988
ACLY	ALDH5A1	9606.ENSP00000466259	9606.ENSP00000314649	0.057	0	0	0	0.141	0.053	0.836	0.308	0.897
ACTR1A	PAFAH1B1	9606.ENSP00000358921	9606.ENSP00000380378	0	0	0	0	0.172	0.065	0.800	0.290	0.875
ADAM22	CNTNAP2	9606.ENSP00000265727	9606.ENSP00000354778	0	0	0	0	0.104	0	0	0.852	0.861
ADAM22	LGI2	9606.ENSP00000265727	9606.ENSP00000371548	0	0	0	0	0.082	0	0.700	0.694	0.908
AGT	GRM5	9606.ENSP00000355627	9606.ENSP00000306138	0	0	0	0	0.119	0	0.650	0.108	0.700
AGT	CXCL12	9606.ENSP00000355627	9606.ENSP00000379140	0	0	0	0	0.099	0	0.500	0.397	0.704
AGT	NPY	9606.ENSP00000355627	9606.ENSP00000384364	0	0	0	0	0.072	0	0.500	0.573	0.784
AHCYL1	SELENBP1	9606.ENSP00000358814	9606.ENSP00000397261	0	0	0	0	0.042	0	0.800	0.160	0.825
AHCYL1	SLC4A4	9606.ENSP00000358814	9606.ENSP00000393557	0	0	0	0	0.114	0.091	0	0.962	0.966
AKT3	MAPK1	9606.ENSP00000500582	9606.ENSP00000215832	0	0	0	0.601	0.085	0.110	0.900	0.218	0.927
AKT3	TBC1D4	9606.ENSP00000500582	9606.ENSP00000366863	0	0	0	0	0.056	0	0.900	0.325	0.930
AKT3	FOXO1	9606.ENSP00000500582	9606.ENSP00000368880	0	0	0	0	0	0.312	0.900	0.546	0.966
AKT3	BAD	9606.ENSP00000500582	9606.ENSP00000378040	0	0	0	0	0	0.065	0.900	0.220	0.920
AKT3	MAP2K4	9606.ENSP00000500582	9606.ENSP00000410402	0	0	0	0.596	0	0.105	0.900	0.180	0.920
AKT3	NOS1	9606.ENSP00000500582	9606.ENSP00000477999	0	0	0	0	0	0.045	0.900	0.044	0.900
AKT3	PIK3CB	9606.ENSP00000500582	9606.ENSP00000501150	0	0	0	0	0	0.098	0.900	0.636	0.964
ALDH1L1	SLC1A3	9606.ENSP00000273450	9606.ENSP00000265113	0	0	0	0	0.159	0	0	0.750	0.781
ALDH5A1	GAD1	9606.ENSP00000314649	9606.ENSP00000350928	0	0	0	0	0.087	0.047	0.176	0.662	0.725
ALDH5A1	HSDL2	9606.ENSP00000314649	9606.ENSP00000381785	0.059	0	0	0	0.170	0.069	0.580	0.257	0.732
ALDH5A1	IDH3B	9606.ENSP00000314649	9606.ENSP00000482773	0.053	0	0	0	0.067	0.094	0.800	0.180	0.844
ALDH5A1	ACLY	9606.ENSP00000314649	9606.ENSP00000466259	0.057	0	0	0	0.141	0.053	0.836	0.308	0.897
ALDH6A1	DLAT	9606.ENSP00000450436	9606.ENSP00000280346	0	0	0	0	0.115	0	0.800	0.249	0.855
ALDH6A1	ALDH7A1	9606.ENSP00000450436	9606.ENSP00000387123	0	0	0	0.661	0.133	0.114	0.900	0.252	0.934
ALDH7A1	GLS	9606.ENSP00000387123	9606.ENSP00000317379	0.041	0	0	0	0.042	0	0.800	0.102	0.812
ALDH7A1	MAOA	9606.ENSP00000387123	9606.ENSP00000340684	0.042	0.007	0	0	0.074	0	0.918	0.313	0.943
ALDH7A1	GAD1	9606.ENSP00000387123	9606.ENSP00000350928	0	0	0	0	0.087	0.047	0.914	0.164	0.929
ALDH7A1	GAD2	9606.ENSP00000387123	9606.ENSP00000365437	0	0	0	0	0.087	0.047	0.914	0.136	0.926
ALDH7A1	ALDH6A1	9606.ENSP00000387123	9606.ENSP00000450436	0	0	0	0.661	0.133	0.114	0.900	0.252	0.934
ANAPC5	CDK1	9606.ENSP00000261819	9606.ENSP00000378699	0	0	0	0	0.080	0	0.650	0.325	0.763
ANGPTL4	PDK4	9606.ENSP00000301455	9606.ENSP00000005178	0	0	0	0	0.143	0	0	0.707	0.739
ANGPTL4	HIF1A	9606.ENSP00000301455	9606.ENSP00000437955	0	0	0	0	0.062	0	0	0.724	0.730
ANK1	TRPV2	9606.ENSP00000265709	9606.ENSP00000342222	0	0	0	0	0.042	0	0	0.813	0.813
ANK1	AQP1	9606.ENSP00000265709	9606.ENSP00000311165	0	0	0	0	0.089	0.805	0	0.234	0.852
ANK1	ITPR2	9606.ENSP00000265709	9606.ENSP00000370744	0	0	0	0	0.042	0.085	0.900	0.220	0.922
ANK1	RHCE	9606.ENSP00000265709	9606.ENSP00000294413	0	0	0	0	0.137	0.900	0	0.222	0.927
ANK1	SPTBN1	9606.ENSP00000265709	9606.ENSP00000349259	0	0	0	0	0.059	0.574	0.500	0.860	0.968
ANK1	NRCAM	9606.ENSP00000265709	9606.ENSP00000368314	0	0	0	0	0.051	0.134	0.900	0.822	0.983
ANP32E	KAT5	9606.ENSP00000463154	9606.ENSP00000340330	0	0	0	0	0	0.345	0.900	0.780	0.984
APEH	DPP4	9606.ENSP00000296456	9606.ENSP00000353731	0	0	0	0	0	0	0	0.733	0.733
API5	FGF2	9606.ENSP00000431391	9606.ENSP00000264498	0	0	0	0	0	0.900	0	0.570	0.955
APLP2	SPON1	9606.ENSP00000497691	9606.ENSP00000460236	0	0	0	0	0.057	0.313	0	0.604	0.721
AQP1	ANK1	9606.ENSP00000311165	9606.ENSP00000265709	0	0	0	0	0.089	0.805	0	0.234	0.852
AQP1	RHCE	9606.ENSP00000311165	9606.ENSP00000294413	0	0	0	0	0.101	0.800	0	0.160	0.835
ARHGAP5	KAZN	9606.ENSP00000371897	9606.ENSP00000365198	0	0	0	0	0	0.422	0	0.569	0.740
ARHGEF2	TUBB2B	9606.ENSP00000354837	9606.ENSP00000259818	0	0	0	0	0.042	0	0.900	0.051	0.901
ARHGEF2	RABIF	9606.ENSP00000354837	9606.ENSP00000356231	0	0	0	0	0.044	0	0	0.791	0.792
ARHGEF2	DYNLT1	9606.ENSP00000354837	9606.ENSP00000356056	0	0	0	0	0.067	0.488	0	0.799	0.895
ARIH2	UBE2N	9606.ENSP00000348769	9606.ENSP00000316176	0	0	0	0	0.092	0.314	0	0.571	0.709
ASF1A	SIRT1	9606.ENSP00000229595	9606.ENSP00000212015	0	0	0	0	0.109	0.198	0	0.639	0.719
ASF1A	SRSF1	9606.ENSP00000229595	9606.ENSP00000258962	0	0	0	0	0.115	0	0	0.889	0.897
ASF1A	MCM6	9606.ENSP00000229595	9606.ENSP00000264156	0	0	0	0	0.243	0.784	0	0.437	0.900
ASF1A	H3-3B	9606.ENSP00000229595	9606.ENSP00000254810	0	0	0	0	0.122	0.987	0	0.935	0.999
ASPH	RYR3	9606.ENSP00000368767	9606.ENSP00000489262	0	0	0	0	0.113	0	0.800	0.433	0.890
ATG5	SIRT1	9606.ENSP00000358072	9606.ENSP00000212015	0	0	0	0	0.082	0.301	0	0.990	0.993
ATG5	PIK3C3	9606.ENSP00000358072	9606.ENSP00000262039	0	0	0	0	0.056	0.087	0.500	0.944	0.972
ATG5	PRKN	9606.ENSP00000358072	9606.ENSP00000355865	0	0	0	0	0	0	0	0.717	0.717
ATG5	PINK1	9606.ENSP00000358072	9606.ENSP00000364204	0	0	0	0	0	0	0	0.776	0.776
ATG5	CALCOCO2	9606.ENSP00000358072	9606.ENSP00000398523	0	0	0	0	0.044	0.292	0	0.697	0.777
ATP1A2	MAPK1	9606.ENSP00000354490	9606.ENSP00000215832	0	0	0	0	0.067	0.071	0.900	0.126	0.914
ATP1A2	ATP1B2	9606.ENSP00000354490	9606.ENSP00000250111	0	0	0	0	0.256	0.299	0.900	0.887	0.993
ATP1B2	MAPK1	9606.ENSP00000250111	9606.ENSP00000215832	0	0	0	0	0.049	0	0.900	0.062	0.903
ATP1B2	ATP1A2	9606.ENSP00000250111	9606.ENSP00000354490	0	0	0	0	0.256	0.299	0.900	0.887	0.993
ATP6V0A1	ATP6V1D	9606.ENSP00000264649	9606.ENSP00000216442	0.095	0	0	0	0.311	0.989	0.828	0.774	0.999
ATP6V0A1	ATP6V0E1	9606.ENSP00000264649	9606.ENSP00000429690	0	0	0	0	0.044	0.984	0.500	0.452	0.995
ATP6V0E1	ATP6V1D	9606.ENSP00000429690	9606.ENSP00000216442	0	0	0	0	0.262	0.990	0.500	0.695	0.998
ATP6V0E1	ATP6V0A1	9606.ENSP00000429690	9606.ENSP00000264649	0	0	0	0	0.044	0.984	0.500	0.452	0.995
ATP6V1D	ATP6V0E1	9606.ENSP00000216442	9606.ENSP00000429690	0	0	0	0	0.262	0.990	0.500	0.695	0.998
ATP6V1D	ATP6V0A1	9606.ENSP00000216442	9606.ENSP00000264649	0.095	0	0	0	0.311	0.989	0.828	0.774	0.999
BAD	MAPK1	9606.ENSP00000378040	9606.ENSP00000215832	0	0	0	0	0.060	0	0.900	0.195	0.917
BAD	BID	9606.ENSP00000378040	9606.ENSP00000318822	0	0	0	0	0.044	0	0.500	0.677	0.832
BAD	TP53BP2	9606.ENSP00000378040	9606.ENSP00000341957	0	0	0	0	0	0	0	0.774	0.774
BAD	MAPK9	9606.ENSP00000378040	9606.ENSP00000394560	0	0	0	0	0	0	0.900	0.100	0.906
BAD	AKT3	9606.ENSP00000378040	9606.ENSP00000500582	0	0	0	0	0	0.065	0.900	0.220	0.920
BAG1	NR3C1	9606.ENSP00000489189	9606.ENSP00000231509	0	0	0	0	0	0.626	0	0.565	0.830
BAG1	BAG4	9606.ENSP00000489189	9606.ENSP00000287322	0	0	0	0	0	0	0.400	0.841	0.900
BAG1	BAG3	9606.ENSP00000489189	9606.ENSP00000358081	0	0	0	0	0	0.226	0.400	0.935	0.967
BAG3	HSPB1	9606.ENSP00000358081	9606.ENSP00000248553	0	0	0	0	0.291	0.785	0	0.882	0.980
BAG3	BAG1	9606.ENSP00000358081	9606.ENSP00000489189	0	0	0	0	0	0.226	0.400	0.935	0.967
BAG4	BAG1	9606.ENSP00000287322	9606.ENSP00000489189	0	0	0	0	0	0	0.400	0.841	0.900
BCL6	SIRT1	9606.ENSP00000384371	9606.ENSP00000212015	0	0	0	0	0.042	0.301	0	0.767	0.830
BCL6	STAT1	9606.ENSP00000384371	9606.ENSP00000354394	0	0	0	0	0.110	0.058	0	0.706	0.732
BCL6	FOXO1	9606.ENSP00000384371	9606.ENSP00000368880	0	0	0	0	0.085	0.096	0.500	0.577	0.801
BID	BAD	9606.ENSP00000318822	9606.ENSP00000378040	0	0	0	0	0.044	0	0.500	0.677	0.832
BID	MAPK9	9606.ENSP00000318822	9606.ENSP00000394560	0	0	0	0	0.042	0	0.900	0.152	0.911
BMPR2	SMAD1	9606.ENSP00000363708	9606.ENSP00000305769	0	0	0	0	0.056	0.091	0.900	0.410	0.942
BMPR2	TGFB2	9606.ENSP00000363708	9606.ENSP00000355896	0	0	0	0	0.073	0.126	0	0.728	0.761
BMPR2	DYNLT1	9606.ENSP00000363708	9606.ENSP00000356056	0	0	0	0	0.049	0.363	0	0.935	0.957
BMPR2	SMAD5	9606.ENSP00000363708	9606.ENSP00000441954	0	0	0	0	0.098	0.091	0.900	0.831	0.984
CAB39L	STK24	9606.ENSP00000479669	9606.ENSP00000365730	0	0	0	0	0.044	0.939	0	0.506	0.968
CALCOCO2	PRKN	9606.ENSP00000398523	9606.ENSP00000355865	0	0	0	0	0	0.409	0	0.665	0.793
CALCOCO2	ATG5	9606.ENSP00000398523	9606.ENSP00000358072	0	0	0	0	0.044	0.292	0	0.697	0.777
CALCOCO2	PINK1	9606.ENSP00000398523	9606.ENSP00000364204	0	0	0	0	0.056	0	0	0.924	0.925
CALCOCO2	DICER1	9606.ENSP00000398523	9606.ENSP00000437256	0	0	0	0	0.049	0.339	0	0.630	0.747
CAPRIN1	STAT1	9606.ENSP00000340329	9606.ENSP00000354394	0	0	0	0	0.055	0.140	0	0.740	0.770
CAPRIN1	G3BP2	9606.ENSP00000340329	9606.ENSP00000352738	0	0	0	0	0.282	0.834	0	0.953	0.993
CASP7	TNFSF10	9606.ENSP00000358327	9606.ENSP00000241261	0	0	0	0	0.149	0	0	0.703	0.736
CASP7	STK24	9606.ENSP00000358327	9606.ENSP00000365730	0	0	0	0	0.042	0	0.750	0	0.750
CD24	SOX2	9606.ENSP00000481841	9606.ENSP00000323588	0	0	0	0	0.088	0	0	0.720	0.734
CD24	PROM1	9606.ENSP00000481841	9606.ENSP00000426809	0	0	0	0	0.149	0	0	0.877	0.890
CDK1	GADD45B	9606.ENSP00000378699	9606.ENSP00000215631	0	0	0	0	0	0.625	0.900	0.548	0.981
CDK1	H3-3B	9606.ENSP00000378699	9606.ENSP00000254810	0	0	0	0	0.089	0.071	0.400	0.664	0.806
CDK1	ANAPC5	9606.ENSP00000378699	9606.ENSP00000261819	0	0	0	0	0.080	0	0.650	0.325	0.763
CDK1	MCM6	9606.ENSP00000378699	9606.ENSP00000264156	0	0	0	0	0.513	0	0	0.541	0.767
CDK1	GJA1	9606.ENSP00000378699	9606.ENSP00000282561	0	0	0	0	0.060	0	0.900	0.238	0.922
CDK1	SOX2	9606.ENSP00000378699	9606.ENSP00000323588	0	0	0	0	0.084	0.510	0	0.921	0.961
CDK1	ENSA	9606.ENSP00000378699	9606.ENSP00000341743	0	0	0	0	0.058	0.092	0	0.791	0.805
CDK1	TYRP1	9606.ENSP00000378699	9606.ENSP00000373570	0	0	0	0	0.103	0.092	0	0.906	0.916
CDK1	HIF1A	9606.ENSP00000378699	9606.ENSP00000437955	0	0	0	0	0.100	0.312	0	0.692	0.793
CDK1	PAFAH1B1	9606.ENSP00000378699	9606.ENSP00000380378	0	0	0	0	0	0.329	0.800	0.187	0.881
CDS1	PLPP3	9606.ENSP00000295887	9606.ENSP00000360296	0	0	0	0	0	0	0.900	0.401	0.937
CLU	A2M	9606.ENSP00000315130	9606.ENSP00000323929	0	0	0	0	0.098	0	0	0.890	0.896
CNOT9	GADD45B	9606.ENSP00000486540	9606.ENSP00000215631	0	0	0	0	0	0.767	0	0	0.767
CNOT9	TOB1	9606.ENSP00000486540	9606.ENSP00000427695	0	0	0	0	0	0.768	0.900	0.174	0.979
CNTNAP2	ADAM22	9606.ENSP00000354778	9606.ENSP00000265727	0	0	0	0	0.104	0	0	0.852	0.861
CNTNAP2	GAD2	9606.ENSP00000354778	9606.ENSP00000365437	0	0	0	0	0.099	0	0	0.814	0.825
COPA	TMED3	9606.ENSP00000357048	9606.ENSP00000299705	0	0	0	0	0.055	0	0.720	0.045	0.725
COPA	TMED7	9606.ENSP00000357048	9606.ENSP00000405926	0	0	0	0	0.085	0	0.900	0.045	0.904
CRH	NR3C1	9606.ENSP00000276571	9606.ENSP00000231509	0	0	0	0	0	0	0	0.872	0.872
CRH	CRHBP	9606.ENSP00000276571	9606.ENSP00000274368	0	0	0	0	0.070	0	0.900	0.997	0.999
CRH	GNB1	9606.ENSP00000276571	9606.ENSP00000367872	0	0	0	0	0	0.941	0	0.055	0.941
CRH	NPY	9606.ENSP00000276571	9606.ENSP00000384364	0	0	0	0	0.138	0	0	0.946	0.951
CRHBP	CRH	9606.ENSP00000274368	9606.ENSP00000276571	0	0	0	0	0.070	0	0.900	0.997	0.999
CRK	ITGAV	9606.ENSP00000300574	9606.ENSP00000261023	0	0	0	0	0.054	0	0.650	0.230	0.723
CRK	GGA3	9606.ENSP00000300574	9606.ENSP00000438085	0	0	0	0	0.047	0.292	0.500	0.387	0.765
CRK	PIK3CB	9606.ENSP00000300574	9606.ENSP00000501150	0	0	0	0	0.050	0.226	0.650	0.204	0.767
CRK	PAFAH1B1	9606.ENSP00000300574	9606.ENSP00000380378	0	0	0	0	0.219	0	0	0.733	0.782
CRK	PITPNA	9606.ENSP00000300574	9606.ENSP00000316809	0	0	0	0	0.181	0	0	0.764	0.798
CRK	GULP1	9606.ENSP00000300574	9606.ENSP00000386289	0	0	0	0	0.044	0	0	0.838	0.839
CRK	RABIF	9606.ENSP00000300574	9606.ENSP00000356231	0	0	0	0	0.122	0	0	0.840	0.854
CRK	MAPK9	9606.ENSP00000300574	9606.ENSP00000394560	0	0	0	0	0.074	0.046	0.900	0.232	0.923
CRK	MAP2K4	9606.ENSP00000300574	9606.ENSP00000410402	0	0	0	0	0.182	0	0.900	0.277	0.935
CRK	FYN	9606.ENSP00000300574	9606.ENSP00000346671	0	0	0	0	0	0.068	0.500	0.878	0.938
CTBP2	KAT2B	9606.ENSP00000311825	9606.ENSP00000263754	0	0	0	0	0	0.359	0	0.613	0.741
CTBP2	TGIF1	9606.ENSP00000311825	9606.ENSP00000327959	0	0	0	0	0.054	0.607	0	0.496	0.796
CXCL12	LGALS3	9606.ENSP00000379140	9606.ENSP00000254301	0	0	0	0	0.048	0	0	0.743	0.744
CXCL12	FGF2	9606.ENSP00000379140	9606.ENSP00000264498	0	0	0	0	0.067	0	0	0.893	0.896
CXCL12	DPP4	9606.ENSP00000379140	9606.ENSP00000353731	0	0	0	0	0.044	0.292	0	0.772	0.832
CXCL12	AGT	9606.ENSP00000379140	9606.ENSP00000355627	0	0	0	0	0.099	0	0.500	0.397	0.704
CXCL12	HIF1A	9606.ENSP00000379140	9606.ENSP00000437955	0	0	0	0	0.103	0	0	0.812	0.824
CYBRD1	HEPH	9606.ENSP00000319141	9606.ENSP00000430620	0	0	0	0	0.060	0	0	0.829	0.832
DAB2	GJA1	9606.ENSP00000313391	9606.ENSP00000282561	0	0	0	0	0.103	0	0.500	0.445	0.729
DHX16	TXNL4A	9606.ENSP00000365625	9606.ENSP00000269601	0	0	0	0	0.058	0.052	0.900	0.294	0.928
DHX16	RBMX2	9606.ENSP00000365625	9606.ENSP00000339090	0	0	0	0	0	0.973	0.900	0.471	0.998
DICER1	CALCOCO2	9606.ENSP00000437256	9606.ENSP00000398523	0	0	0	0	0.049	0.339	0	0.630	0.747
DLAT	PDK4	9606.ENSP00000280346	9606.ENSP00000005178	0	0	0	0	0.043	0.449	0.466	0.426	0.817
DLAT	ALDH6A1	9606.ENSP00000280346	9606.ENSP00000450436	0	0	0	0	0.115	0	0.800	0.249	0.855
DLAT	SUCLG2	9606.ENSP00000280346	9606.ENSP00000419325	0.079	0.002	0	0	0.585	0.099	0.864	0.414	0.967
DLAT	ACLY	9606.ENSP00000280346	9606.ENSP00000466259	0.079	0	0	0	0.580	0.099	0.932	0.583	0.988
DLAT	PDK3	9606.ENSP00000280346	9606.ENSP00000498864	0	0	0	0	0.049	0.986	0.466	0.654	0.997
DLGAP1	GRM5	9606.ENSP00000316377	9606.ENSP00000306138	0	0	0	0	0.198	0	0.500	0.807	0.915
DPP4	APEH	9606.ENSP00000353731	9606.ENSP00000296456	0	0	0	0	0	0	0	0.733	0.733
DPP4	CXCL12	9606.ENSP00000353731	9606.ENSP00000379140	0	0	0	0	0.044	0.292	0	0.772	0.832
DR1	KAT2B	9606.ENSP00000359295	9606.ENSP00000263754	0	0	0	0	0.074	0.802	0.720	0.427	0.966
DTX3	NOTCH2	9606.ENSP00000448696	9606.ENSP00000256646	0	0	0	0	0	0.314	0.650	0.315	0.821
DUSP3	MAPK1	9606.ENSP00000226004	9606.ENSP00000215832	0	0	0	0	0.078	0.613	0.900	0.502	0.979
DUSP3	MAPK9	9606.ENSP00000226004	9606.ENSP00000394560	0	0	0	0	0.088	0.130	0.900	0.217	0.929
DUSP3	VRK3	9606.ENSP00000226004	9606.ENSP00000469880	0	0	0	0	0.042	0.095	0.900	0.795	0.979
DUSP6	MAPK1	9606.ENSP00000279488	9606.ENSP00000215832	0	0	0	0	0.042	0.872	0.650	0.928	0.996
DUSP7	MAPK1	9606.ENSP00000417183	9606.ENSP00000215832	0	0	0	0	0.045	0.657	0.650	0.356	0.916
DUSP7	MAPK9	9606.ENSP00000417183	9606.ENSP00000394560	0	0	0	0	0.067	0.114	0.900	0.151	0.920
DYNLT1	ARHGEF2	9606.ENSP00000356056	9606.ENSP00000354837	0	0	0	0	0.067	0.488	0	0.799	0.895
DYNLT1	BMPR2	9606.ENSP00000356056	9606.ENSP00000363708	0	0	0	0	0.049	0.363	0	0.935	0.957
EDN3	HTR1F	9606.ENSP00000337128	9606.ENSP00000322924	0	0	0	0	0	0.134	0.650	0.172	0.727
EIF2B2	RABIF	9606.ENSP00000266126	9606.ENSP00000356231	0	0	0	0	0.210	0	0	0.838	0.867
EMX2	FOXG1	9606.ENSP00000450962	9606.ENSP00000339004	0	0	0	0	0.104	0.046	0	0.717	0.737
ENSA	CDK1	9606.ENSP00000341743	9606.ENSP00000378699	0	0	0	0	0.058	0.092	0	0.791	0.805
ENSA	MINK1	9606.ENSP00000341743	9606.ENSP00000347427	0	0	0	0	0.056	0	0	0.897	0.898
EPHX1	NQO1	9606.ENSP00000480004	9606.ENSP00000319788	0	0	0	0	0.147	0	0	0.767	0.793
EPHX1	PTGES2	9606.ENSP00000480004	9606.ENSP00000345341	0	0.747	0	0	0.074	0	0	0.116	0.775
ERCC1	REV3L	9606.ENSP00000013807	9606.ENSP00000351697	0	0	0	0	0	0.110	0	0.689	0.712
ERCC1	GTF2H1	9606.ENSP00000013807	9606.ENSP00000265963	0	0	0	0	0.087	0.292	0.500	0.711	0.894
ERLIN2	SEL1L	9606.ENSP00000428112	9606.ENSP00000337053	0	0	0	0	0.067	0	0.500	0.658	0.826
ESRRG	SLC7A1	9606.ENSP00000355904	9606.ENSP00000370128	0	0	0	0	0	0	0	0.931	0.931
ETS2	MAPK1	9606.ENSP00000353344	9606.ENSP00000215832	0	0	0	0	0.067	0.069	0.900	0.450	0.945
FABP3	GOT2	9606.ENSP00000362817	9606.ENSP00000245206	0	0	0	0	0.086	0.068	0	0.946	0.949
FABP7	SLC1A3	9606.ENSP00000348931	9606.ENSP00000265113	0	0	0	0	0.121	0	0	0.715	0.738
FABP7	PAX6	9606.ENSP00000348931	9606.ENSP00000492024	0	0	0	0	0.131	0.071	0	0.659	0.701
FGF2	MAPK1	9606.ENSP00000264498	9606.ENSP00000215832	0	0	0	0	0.054	0	0.400	0.644	0.780
FGF2	PAX6	9606.ENSP00000264498	9606.ENSP00000492024	0	0	0	0	0.096	0	0	0.690	0.708
FGF2	PROM1	9606.ENSP00000264498	9606.ENSP00000426809	0	0	0	0	0	0	0	0.720	0.720
FGF2	HIF1A	9606.ENSP00000264498	9606.ENSP00000437955	0	0	0	0	0.049	0	0	0.724	0.727
FGF2	TGFB2	9606.ENSP00000264498	9606.ENSP00000355896	0	0	0	0	0.100	0	0	0.775	0.789
FGF2	SDC2	9606.ENSP00000264498	9606.ENSP00000307046	0	0	0	0	0.078	0.618	0.500	0.419	0.884
FGF2	CXCL12	9606.ENSP00000264498	9606.ENSP00000379140	0	0	0	0	0.067	0	0	0.893	0.896
FGF2	NTRK2	9606.ENSP00000264498	9606.ENSP00000277120	0	0	0	0	0.056	0	0.650	0.745	0.908
FGF2	SOX2	9606.ENSP00000264498	9606.ENSP00000323588	0	0	0	0	0.067	0	0.500	0.868	0.933
FGF2	API5	9606.ENSP00000264498	9606.ENSP00000431391	0	0	0	0	0	0.900	0	0.570	0.955
FGF2	SDC4	9606.ENSP00000264498	9606.ENSP00000361818	0	0	0	0	0.048	0.610	0.500	0.971	0.993
FHL2	HIF1A	9606.ENSP00000386892	9606.ENSP00000437955	0	0	0	0	0.048	0.510	0	0.459	0.726
FOXG1	NEUROD6	9606.ENSP00000339004	9606.ENSP00000297142	0	0	0	0	0.200	0	0	0.672	0.726
FOXG1	SOX2	9606.ENSP00000339004	9606.ENSP00000323588	0	0	0	0	0.123	0.070	0	0.717	0.749
FOXG1	EMX2	9606.ENSP00000339004	9606.ENSP00000450962	0	0	0	0	0.104	0.046	0	0.717	0.737
FOXG1	FOXO1	9606.ENSP00000339004	9606.ENSP00000368880	0	0	0	0.592	0	0.095	0.500	0.516	0.762
FOXG1	PAX6	9606.ENSP00000339004	9606.ENSP00000492024	0	0	0	0	0.140	0.084	0	0.842	0.865
FOXO1	SIRT1	9606.ENSP00000368880	9606.ENSP00000212015	0	0	0	0	0.109	0.816	0.900	0.984	0.999
FOXO1	MAPK1	9606.ENSP00000368880	9606.ENSP00000215832	0	0	0	0	0	0.057	0.900	0.425	0.941
FOXO1	NR3C1	9606.ENSP00000368880	9606.ENSP00000231509	0	0	0	0	0.056	0.054	0.700	0.638	0.890
FOXO1	FOXG1	9606.ENSP00000368880	9606.ENSP00000339004	0	0	0	0.592	0	0.095	0.500	0.516	0.762
FOXO1	PINK1	9606.ENSP00000368880	9606.ENSP00000364204	0	0	0	0	0.049	0.053	0.750	0.431	0.854
FOXO1	BCL6	9606.ENSP00000368880	9606.ENSP00000384371	0	0	0	0	0.085	0.096	0.500	0.577	0.801
FOXO1	PIK3CB	9606.ENSP00000368880	9606.ENSP00000501150	0	0	0	0	0	0.184	0	0.792	0.823
FOXO1	NPY	9606.ENSP00000368880	9606.ENSP00000384364	0	0	0	0	0	0	0.750	0.418	0.848
FOXO1	HIF1A	9606.ENSP00000368880	9606.ENSP00000437955	0	0	0	0	0	0.068	0.400	0.769	0.859
FOXO1	MAPK9	9606.ENSP00000368880	9606.ENSP00000394560	0	0	0	0	0	0.099	0.900	0.352	0.936
FOXO1	AKT3	9606.ENSP00000368880	9606.ENSP00000500582	0	0	0	0	0	0.312	0.900	0.546	0.966
FYN	NTRK2	9606.ENSP00000346671	9606.ENSP00000277120	0	0	0	0.689	0.060	0.292	0.700	0.489	0.884
FYN	CRK	9606.ENSP00000346671	9606.ENSP00000300574	0	0	0	0	0	0.068	0.500	0.878	0.938
FYN	STAT1	9606.ENSP00000346671	9606.ENSP00000354394	0	0	0	0	0.077	0.096	0.500	0.375	0.704
FYN	PIK3CB	9606.ENSP00000346671	9606.ENSP00000501150	0	0	0	0	0	0.069	0.900	0.525	0.951
G3BP2	CAPRIN1	9606.ENSP00000352738	9606.ENSP00000340329	0	0	0	0	0.282	0.834	0	0.953	0.993
GABRA2	GABRB1	9606.ENSP00000427603	9606.ENSP00000295454	0	0	0.107	0.837	0.284	0.189	0.720	0.516	0.917
GABRB1	GABRA2	9606.ENSP00000295454	9606.ENSP00000427603	0	0	0.107	0.837	0.284	0.189	0.720	0.516	0.917
GAD1	PVALB	9606.ENSP00000350928	9606.ENSP00000216200	0	0	0	0	0.133	0.091	0	0.962	0.968
GAD1	GOT2	9606.ENSP00000350928	9606.ENSP00000245206	0	0	0	0	0.057	0	0.800	0.206	0.837
GAD1	ALDH5A1	9606.ENSP00000350928	9606.ENSP00000314649	0	0	0	0	0.087	0.047	0.176	0.662	0.725
GAD1	GLS	9606.ENSP00000350928	9606.ENSP00000317379	0.069	0	0	0	0.183	0	0.900	0.400	0.948
GAD1	NPY	9606.ENSP00000350928	9606.ENSP00000384364	0	0	0	0	0.080	0	0	0.692	0.705
GAD1	ALDH7A1	9606.ENSP00000350928	9606.ENSP00000387123	0	0	0	0	0.087	0.047	0.914	0.164	0.929
GAD1	GAD2	9606.ENSP00000350928	9606.ENSP00000365437	0	0	0.056	0.968	0.212	0.321	0.900	0.464	0.968
GAD2	PVALB	9606.ENSP00000365437	9606.ENSP00000216200	0	0	0	0	0.162	0.091	0	0.800	0.835
GAD2	GOT2	9606.ENSP00000365437	9606.ENSP00000245206	0	0	0	0	0.055	0	0.800	0.179	0.831
GAD2	GRM5	9606.ENSP00000365437	9606.ENSP00000306138	0	0	0	0	0.204	0	0	0.699	0.750
GAD2	GLS	9606.ENSP00000365437	9606.ENSP00000317379	0.069	0	0	0	0.183	0	0.900	0.332	0.942
GAD2	GAD1	9606.ENSP00000365437	9606.ENSP00000350928	0	0	0.056	0.968	0.212	0.321	0.900	0.464	0.968
GAD2	CNTNAP2	9606.ENSP00000365437	9606.ENSP00000354778	0	0	0	0	0.099	0	0	0.814	0.825
GAD2	ALDH7A1	9606.ENSP00000365437	9606.ENSP00000387123	0	0	0	0	0.087	0.047	0.914	0.136	0.926
GADD45B	CNOT9	9606.ENSP00000215631	9606.ENSP00000486540	0	0	0	0	0	0.767	0	0	0.767
GADD45B	CDK1	9606.ENSP00000215631	9606.ENSP00000378699	0	0	0	0	0	0.625	0.900	0.548	0.981
GFPT1	GLS	9606.ENSP00000349860	9606.ENSP00000317379	0.041	0	0	0	0.085	0	0.900	0.376	0.937
GGA3	CRK	9606.ENSP00000438085	9606.ENSP00000300574	0	0	0	0	0.047	0.292	0.500	0.387	0.765
GGA3	RABEP1	9606.ENSP00000438085	9606.ENSP00000445408	0	0	0	0	0.055	0.980	0.500	0.688	0.996
GJA1	MAPK1	9606.ENSP00000282561	9606.ENSP00000215832	0	0	0	0	0	0.292	0.900	0.269	0.943
GJA1	TUBB2B	9606.ENSP00000282561	9606.ENSP00000259818	0	0	0	0	0.109	0	0.900	0.401	0.941
GJA1	DAB2	9606.ENSP00000282561	9606.ENSP00000313391	0	0	0	0	0.103	0	0.500	0.445	0.729
GJA1	CDK1	9606.ENSP00000282561	9606.ENSP00000378699	0	0	0	0	0.060	0	0.900	0.238	0.922
GJA1	PCDH7	9606.ENSP00000282561	9606.ENSP00000441802	0	0	0	0	0.133	0.132	0	0.921	0.935
GLS	ALDH7A1	9606.ENSP00000317379	9606.ENSP00000387123	0.041	0	0	0	0.042	0	0.800	0.102	0.812
GLS	GFPT1	9606.ENSP00000317379	9606.ENSP00000349860	0.041	0	0	0	0.085	0	0.900	0.376	0.937
GLS	GAD2	9606.ENSP00000317379	9606.ENSP00000365437	0.069	0	0	0	0.183	0	0.900	0.332	0.942
GLS	GAD1	9606.ENSP00000317379	9606.ENSP00000350928	0.069	0	0	0	0.183	0	0.900	0.400	0.948
GNB1	MAPK1	9606.ENSP00000367872	9606.ENSP00000215832	0	0	0	0	0.242	0.162	0.650	0.239	0.808
GNB1	GNB5	9606.ENSP00000367872	9606.ENSP00000261837	0	0	0.065	0.949	0.057	0.427	0.540	0.424	0.842
GNB1	NMU	9606.ENSP00000367872	9606.ENSP00000264218	0	0	0	0	0	0.800	0.500	0	0.895
GNB1	CRH	9606.ENSP00000367872	9606.ENSP00000276571	0	0	0	0	0	0.941	0	0.055	0.941
GNB1	HTR1F	9606.ENSP00000367872	9606.ENSP00000322924	0	0	0	0	0	0.924	0.650	0.046	0.972
GNB1	PLCB1	9606.ENSP00000367872	9606.ENSP00000338185	0	0	0	0	0	0	0.650	0.649	0.872
GNB1	GNG12	9606.ENSP00000367872	9606.ENSP00000360021	0	0	0	0	0.057	0.995	0.540	0.783	0.999
GNB1	PIK3CB	9606.ENSP00000367872	9606.ENSP00000501150	0	0	0	0	0.042	0.292	0.650	0.051	0.744
GNB1	NPY	9606.ENSP00000367872	9606.ENSP00000384364	0	0	0	0	0	0.800	0	0.064	0.804
GNB1	RGS6	9606.ENSP00000367872	9606.ENSP00000451030	0	0	0	0	0.074	0.440	0.500	0.486	0.849
GNB1	SUCLG2	9606.ENSP00000367872	9606.ENSP00000419325	0	0	0	0	0.042	0	0	0.875	0.875
GNB5	MAPK1	9606.ENSP00000261837	9606.ENSP00000215832	0	0	0	0	0.117	0.162	0.650	0.163	0.754
GNB5	HTR1F	9606.ENSP00000261837	9606.ENSP00000322924	0	0	0	0	0	0.272	0.650	0	0.734
GNB5	MYO5A	9606.ENSP00000261837	9606.ENSP00000382177	0	0.167	0	0	0.063	0	0	0.700	0.746
GNB5	GNG12	9606.ENSP00000261837	9606.ENSP00000360021	0	0	0	0	0.055	0.296	0.540	0.387	0.787
GNB5	GNB1	9606.ENSP00000261837	9606.ENSP00000367872	0	0	0.065	0.949	0.057	0.427	0.540	0.424	0.842
GNB5	SUCLG2	9606.ENSP00000261837	9606.ENSP00000419325	0	0	0	0	0	0	0	0.851	0.851
GNB5	PLCB1	9606.ENSP00000261837	9606.ENSP00000338185	0	0	0	0	0	0	0.650	0.602	0.855
GNB5	RGS12	9606.ENSP00000261837	9606.ENSP00000339381	0	0	0	0	0.068	0.178	0.500	0.875	0.945
GNB5	RGS4	9606.ENSP00000261837	9606.ENSP00000397181	0	0	0	0	0.070	0.178	0.500	0.883	0.949
GNB5	RGS6	9606.ENSP00000261837	9606.ENSP00000451030	0	0	0	0	0.102	0.788	0.500	0.998	0.999
GNG12	MAPK1	9606.ENSP00000360021	9606.ENSP00000215832	0	0	0	0	0.053	0	0.650	0.207	0.714
GNG12	GNB5	9606.ENSP00000360021	9606.ENSP00000261837	0	0	0	0	0.055	0.296	0.540	0.387	0.787
GNG12	HTR1F	9606.ENSP00000360021	9606.ENSP00000322924	0	0	0	0	0	0.120	0.650	0.155	0.717
GNG12	GNB1	9606.ENSP00000360021	9606.ENSP00000367872	0	0	0	0	0.057	0.995	0.540	0.783	0.999
GOT2	UQCRC1	9606.ENSP00000245206	9606.ENSP00000203407	0	0	0	0	0.419	0.099	0	0.505	0.718
GOT2	GAD2	9606.ENSP00000245206	9606.ENSP00000365437	0	0	0	0	0.055	0	0.800	0.179	0.831
GOT2	GAD1	9606.ENSP00000245206	9606.ENSP00000350928	0	0	0	0	0.057	0	0.800	0.206	0.837
GOT2	IDH3B	9606.ENSP00000245206	9606.ENSP00000482773	0	0	0	0	0.203	0.095	0.800	0.441	0.908
GOT2	ACLY	9606.ENSP00000245206	9606.ENSP00000466259	0	0	0	0	0.188	0	0.800	0.488	0.909
GOT2	FABP3	9606.ENSP00000245206	9606.ENSP00000362817	0	0	0	0	0.086	0.068	0	0.946	0.949
GRAMD1C	GRAMD2B	9606.ENSP00000350881	9606.ENSP00000426120	0	0	0	0.619	0.062	0.714	0	0.250	0.781
GRAMD2B	GRAMD1C	9606.ENSP00000426120	9606.ENSP00000350881	0	0	0	0.619	0.062	0.714	0	0.250	0.781
GRM5	AGT	9606.ENSP00000306138	9606.ENSP00000355627	0	0	0	0	0.119	0	0.650	0.108	0.700
GRM5	PLCB1	9606.ENSP00000306138	9606.ENSP00000338185	0	0	0	0	0.104	0	0.500	0.484	0.749
GRM5	GAD2	9606.ENSP00000306138	9606.ENSP00000365437	0	0	0	0	0.204	0	0	0.699	0.750
GRM5	DLGAP1	9606.ENSP00000306138	9606.ENSP00000316377	0	0	0	0	0.198	0	0.500	0.807	0.915
GTF2H1	ERCC1	9606.ENSP00000265963	9606.ENSP00000013807	0	0	0	0	0.087	0.292	0.500	0.711	0.894
GTF2H1	POLR2E	9606.ENSP00000265963	9606.ENSP00000478303	0	0	0	0	0.073	0.925	0.500	0.182	0.967
GUCY1A2	NOS1	9606.ENSP00000282249	9606.ENSP00000477999	0	0	0	0	0.049	0	0.900	0.151	0.912
GULP1	CRK	9606.ENSP00000386289	9606.ENSP00000300574	0	0	0	0	0.044	0	0	0.838	0.839
GULP1	ABCA1	9606.ENSP00000386289	9606.ENSP00000363868	0	0	0	0	0.043	0	0	0.828	0.829
H2AZ2	H3-3B	9606.ENSP00000308405	9606.ENSP00000254810	0	0	0	0	0.249	0.309	0.500	0.525	0.860
H2AZ2	KAT2B	9606.ENSP00000308405	9606.ENSP00000263754	0	0	0	0	0.067	0.305	0.500	0.350	0.761
H2AZ2	PPIA	9606.ENSP00000308405	9606.ENSP00000419425	0	0	0	0	0.201	0.053	0.650	0	0.712
H2AZ2	KAT5	9606.ENSP00000308405	9606.ENSP00000340330	0	0	0	0	0.055	0.290	0.500	0.713	0.891
H3-3B	SIRT1	9606.ENSP00000254810	9606.ENSP00000212015	0	0	0	0	0.059	0.146	0.500	0.829	0.922
H3-3B	ASF1A	9606.ENSP00000254810	9606.ENSP00000229595	0	0	0	0	0.122	0.987	0	0.935	0.999
H3-3B	JMJD1C	9606.ENSP00000254810	9606.ENSP00000382204	0	0	0	0	0.068	0	0.400	0.535	0.717
H3-3B	CDK1	9606.ENSP00000254810	9606.ENSP00000378699	0	0	0	0	0.089	0.071	0.400	0.664	0.806
H3-3B	H2AZ2	9606.ENSP00000254810	9606.ENSP00000308405	0	0	0	0	0.249	0.309	0.500	0.525	0.860
H3-3B	KAT5	9606.ENSP00000254810	9606.ENSP00000340330	0	0	0	0	0	0.213	0	0.897	0.915
H3-3B	SRSF1	9606.ENSP00000254810	9606.ENSP00000258962	0	0	0	0	0.073	0.057	0	0.980	0.981
H3-3B	KAT2B	9606.ENSP00000254810	9606.ENSP00000263754	0	0	0	0	0	0.961	0.500	0.911	0.998
HCCS	HMOX2	9606.ENSP00000370139	9606.ENSP00000477572	0	0	0	0	0.083	0	0.900	0.149	0.915
HEPH	CYBRD1	9606.ENSP00000430620	9606.ENSP00000319141	0	0	0	0	0.060	0	0	0.829	0.832
HEPH	HMOX2	9606.ENSP00000430620	9606.ENSP00000477572	0	0	0	0	0	0.063	0.900	0.177	0.916
HIF1A	SIRT1	9606.ENSP00000437955	9606.ENSP00000212015	0	0	0	0	0.083	0.510	0	0.851	0.927
HIF1A	MAPK1	9606.ENSP00000437955	9606.ENSP00000215832	0	0	0	0	0.049	0.626	0.900	0.648	0.985
HIF1A	NR3C1	9606.ENSP00000437955	9606.ENSP00000231509	0	0	0	0	0.128	0.071	0.500	0.678	0.852
HIF1A	KAT2B	9606.ENSP00000437955	9606.ENSP00000263754	0	0	0	0	0.092	0.735	0	0.360	0.832
HIF1A	FGF2	9606.ENSP00000437955	9606.ENSP00000264498	0	0	0	0	0.049	0	0	0.724	0.727
HIF1A	ANGPTL4	9606.ENSP00000437955	9606.ENSP00000301455	0	0	0	0	0.062	0	0	0.724	0.730
HIF1A	NQO1	9606.ENSP00000437955	9606.ENSP00000319788	0	0	0	0	0.042	0.312	0	0.794	0.852
HIF1A	SOX2	9606.ENSP00000437955	9606.ENSP00000323588	0	0	0	0	0.051	0.095	0.400	0.585	0.758
HIF1A	KAT5	9606.ENSP00000437955	9606.ENSP00000340330	0	0	0	0	0	0.322	0	0.708	0.793
HIF1A	STAT1	9606.ENSP00000437955	9606.ENSP00000354394	0	0	0	0	0.072	0.045	0	0.738	0.748
HIF1A	PRKN	9606.ENSP00000437955	9606.ENSP00000355865	0	0	0	0	0	0.525	0	0.427	0.716
HIF1A	PSMA7	9606.ENSP00000437955	9606.ENSP00000359910	0	0	0	0	0.053	0.510	0.400	0.582	0.868
HIF1A	HIF3A	9606.ENSP00000437955	9606.ENSP00000366898	0	0	0	0.874	0	0.516	0.400	0.984	0.994
HIF1A	FOXO1	9606.ENSP00000437955	9606.ENSP00000368880	0	0	0	0	0	0.068	0.400	0.769	0.859
HIF1A	CDK1	9606.ENSP00000437955	9606.ENSP00000378699	0	0	0	0	0.100	0.312	0	0.692	0.793
HIF1A	CXCL12	9606.ENSP00000437955	9606.ENSP00000379140	0	0	0	0	0.103	0	0	0.812	0.824
HIF1A	ROCK1	9606.ENSP00000437955	9606.ENSP00000382697	0	0	0	0	0.201	0.071	0	0.642	0.711
HIF1A	FHL2	9606.ENSP00000437955	9606.ENSP00000386892	0	0	0	0	0.048	0.510	0	0.459	0.726
HIF3A	HIF1A	9606.ENSP00000366898	9606.ENSP00000437955	0	0	0	0.874	0	0.516	0.400	0.984	0.994
HMGN1	MRPL4	9606.ENSP00000370125	9606.ENSP00000306902	0.070	0	0	0	0.534	0.452	0	0.166	0.775
HMOX2	HCCS	9606.ENSP00000477572	9606.ENSP00000370139	0	0	0	0	0.083	0	0.900	0.149	0.915
HMOX2	HEPH	9606.ENSP00000477572	9606.ENSP00000430620	0	0	0	0	0	0.063	0.900	0.177	0.916
HSDL2	ALDH5A1	9606.ENSP00000381785	9606.ENSP00000314649	0.059	0	0	0	0.170	0.069	0.580	0.257	0.732
HSPB1	BAG3	9606.ENSP00000248553	9606.ENSP00000358081	0	0	0	0	0.291	0.785	0	0.882	0.980
HTR1F	GNB5	9606.ENSP00000322924	9606.ENSP00000261837	0	0	0	0	0	0.272	0.650	0	0.734
HTR1F	NPY	9606.ENSP00000322924	9606.ENSP00000384364	0	0	0	0	0	0	0.650	0.220	0.715
HTR1F	GNG12	9606.ENSP00000322924	9606.ENSP00000360021	0	0	0	0	0	0.120	0.650	0.155	0.717
HTR1F	EDN3	9606.ENSP00000322924	9606.ENSP00000337128	0	0	0	0	0	0.134	0.650	0.172	0.727
HTR1F	GNB1	9606.ENSP00000322924	9606.ENSP00000367872	0	0	0	0	0	0.924	0.650	0.046	0.972
IDH3B	UQCRC1	9606.ENSP00000482773	9606.ENSP00000203407	0	0	0	0	0.663	0.110	0	0.282	0.766
IDH3B	GOT2	9606.ENSP00000482773	9606.ENSP00000245206	0	0	0	0	0.203	0.095	0.800	0.441	0.908
IDH3B	ALDH5A1	9606.ENSP00000482773	9606.ENSP00000314649	0.053	0	0	0	0.067	0.094	0.800	0.180	0.844
IDH3B	SUCLG2	9606.ENSP00000482773	9606.ENSP00000419325	0.056	0.002	0	0	0.201	0.101	0.540	0.475	0.806
IFITM3	STAT1	9606.ENSP00000382707	9606.ENSP00000354394	0	0	0	0	0.257	0	0.500	0.571	0.826
IGF2BP2	SOX2	9606.ENSP00000410242	9606.ENSP00000323588	0	0	0	0	0.080	0.292	0	0.596	0.713
IGFBP6	IGFBP7	9606.ENSP00000301464	9606.ENSP00000295666	0	0	0	0	0.110	0	0	0.677	0.700
IGFBP7	IGFBP6	9606.ENSP00000295666	9606.ENSP00000301464	0	0	0	0	0.110	0	0	0.677	0.700
IL6ST	MAPK1	9606.ENSP00000370698	9606.ENSP00000215832	0	0	0	0	0.049	0	0.400	0.520	0.702
IL6ST	STAT1	9606.ENSP00000370698	9606.ENSP00000354394	0	0	0	0	0.063	0.370	0.500	0.783	0.927
IL6ST	PIK3CB	9606.ENSP00000370698	9606.ENSP00000501150	0	0	0	0	0.063	0	0.900	0.085	0.906
INPP4A	MTMR7	9606.ENSP00000074304	9606.ENSP00000180173	0	0	0	0	0.049	0	0.900	0.137	0.910
INPP4A	MTM1	9606.ENSP00000074304	9606.ENSP00000359423	0	0	0	0	0.060	0	0.900	0.368	0.935
INPP4A	PIK3C3	9606.ENSP00000074304	9606.ENSP00000262039	0	0	0	0	0.054	0	0.900	0.403	0.938
INPP4A	SYNJ1	9606.ENSP00000074304	9606.ENSP00000409667	0	0	0	0	0.085	0	0.900	0.532	0.953
ISCA1	LYRM4	9606.ENSP00000365159	9606.ENSP00000443900	0	0	0	0	0.056	0	0	0.810	0.813
ITGAV	ITGB8	9606.ENSP00000261023	9606.ENSP00000222573	0	0	0	0	0.087	0.974	0.900	0.925	0.999
ITGAV	CRK	9606.ENSP00000261023	9606.ENSP00000300574	0	0	0	0	0.054	0	0.650	0.230	0.723
ITGAV	LAMB3	9606.ENSP00000261023	9606.ENSP00000375778	0	0	0	0	0.067	0	0.650	0.336	0.764
ITGAV	TGFB2	9606.ENSP00000261023	9606.ENSP00000355896	0	0	0	0	0.124	0	0.500	0.632	0.825
ITGB8	LAMB3	9606.ENSP00000222573	9606.ENSP00000375778	0	0	0	0	0.082	0.046	0.650	0.228	0.732
ITGB8	TGFB2	9606.ENSP00000222573	9606.ENSP00000355896	0	0	0	0	0.088	0	0.500	0.597	0.800
ITGB8	ITGAV	9606.ENSP00000222573	9606.ENSP00000261023	0	0	0	0	0.087	0.974	0.900	0.925	0.999
ITPKB	PLCB1	9606.ENSP00000411152	9606.ENSP00000338185	0	0	0	0	0	0	0.650	0.206	0.710
ITPR2	ANK1	9606.ENSP00000370744	9606.ENSP00000265709	0	0	0	0	0.042	0.085	0.900	0.220	0.922
ITPR2	PLCB1	9606.ENSP00000370744	9606.ENSP00000338185	0	0	0	0	0.076	0.071	0.900	0.368	0.938
JMJD1C	H3-3B	9606.ENSP00000382204	9606.ENSP00000254810	0	0	0	0	0.068	0	0.400	0.535	0.717
KAT2B	SIRT1	9606.ENSP00000263754	9606.ENSP00000212015	0	0	0	0	0.075	0.424	0	0.932	0.960
KAT2B	H3-3B	9606.ENSP00000263754	9606.ENSP00000254810	0	0	0	0	0	0.961	0.500	0.911	0.998
KAT2B	CTBP2	9606.ENSP00000263754	9606.ENSP00000311825	0	0	0	0	0	0.359	0	0.613	0.741
KAT2B	H2AZ2	9606.ENSP00000263754	9606.ENSP00000308405	0	0	0	0	0.067	0.305	0.500	0.350	0.761
KAT2B	HIF1A	9606.ENSP00000263754	9606.ENSP00000437955	0	0	0	0	0.092	0.735	0	0.360	0.832
KAT2B	DR1	9606.ENSP00000263754	9606.ENSP00000359295	0	0	0	0	0.074	0.802	0.720	0.427	0.966
KAT2B	KAT5	9606.ENSP00000263754	9606.ENSP00000340330	0	0	0	0	0.056	0.308	0.400	0.982	0.992
KAT5	SIRT1	9606.ENSP00000340330	9606.ENSP00000212015	0	0	0	0	0.077	0.665	0	0.805	0.934
KAT5	H3-3B	9606.ENSP00000340330	9606.ENSP00000254810	0	0	0	0	0	0.213	0	0.897	0.915
KAT5	KAT2B	9606.ENSP00000340330	9606.ENSP00000263754	0	0	0	0	0.056	0.308	0.400	0.982	0.992
KAT5	H2AZ2	9606.ENSP00000340330	9606.ENSP00000308405	0	0	0	0	0.055	0.290	0.500	0.713	0.891
KAT5	MSL3	9606.ENSP00000340330	9606.ENSP00000312244	0	0	0	0	0	0.301	0.900	0.451	0.958
KAT5	UBE2N	9606.ENSP00000340330	9606.ENSP00000316176	0	0	0	0	0	0.071	0.500	0.785	0.891
KAT5	HIF1A	9606.ENSP00000340330	9606.ENSP00000437955	0	0	0	0	0	0.322	0	0.708	0.793
KAT5	ANP32E	9606.ENSP00000340330	9606.ENSP00000463154	0	0	0	0	0	0.345	0.900	0.780	0.984
KAZN	ARHGAP5	9606.ENSP00000365198	9606.ENSP00000371897	0	0	0	0	0	0.422	0	0.569	0.740
KCNAB1	KCNC1	9606.ENSP00000419952	9606.ENSP00000265969	0	0	0	0	0.099	0.186	0.500	0.777	0.907
KCNAB1	KCNS3	9606.ENSP00000419952	9606.ENSP00000385968	0	0	0	0	0.055	0.186	0.500	0.566	0.811
KCNC1	KCNAB1	9606.ENSP00000265969	9606.ENSP00000419952	0	0	0	0	0.099	0.186	0.500	0.777	0.907
KCNC1	KCNIP2	9606.ENSP00000265969	9606.ENSP00000420040	0	0	0	0	0.161	0.129	0	0.984	0.987
KCNIP2	KCNC1	9606.ENSP00000420040	9606.ENSP00000265969	0	0	0	0	0.161	0.129	0	0.984	0.987
KCNJ8	SCN1B	9606.ENSP00000499300	9606.ENSP00000396915	0	0	0	0	0	0	0	0.720	0.720
KCNS3	KCNAB1	9606.ENSP00000385968	9606.ENSP00000419952	0	0	0	0	0.055	0.186	0.500	0.566	0.811
KLHL24	PDCD6	9606.ENSP00000395012	9606.ENSP00000264933	0	0	0	0	0.042	0	0.720	0.054	0.724
KPNA4	SOX2	9606.ENSP00000334373	9606.ENSP00000323588	0	0	0	0	0	0.928	0	0.118	0.934
KPNA4	TRIM3	9606.ENSP00000334373	9606.ENSP00000433102	0	0	0	0	0	0.525	0	0.461	0.733
LAMB3	ITGB8	9606.ENSP00000375778	9606.ENSP00000222573	0	0	0	0	0.082	0.046	0.650	0.228	0.732
LAMB3	ITGAV	9606.ENSP00000375778	9606.ENSP00000261023	0	0	0	0	0.067	0	0.650	0.336	0.764
LGALS3	CXCL12	9606.ENSP00000254301	9606.ENSP00000379140	0	0	0	0	0.048	0	0	0.743	0.744
LGI2	ADAM22	9606.ENSP00000371548	9606.ENSP00000265727	0	0	0	0	0.082	0	0.700	0.694	0.908
LYRM4	ISCA1	9606.ENSP00000443900	9606.ENSP00000365159	0	0	0	0	0.056	0	0	0.810	0.813
MAOA	ALDH7A1	9606.ENSP00000340684	9606.ENSP00000387123	0.042	0.007	0	0	0.074	0	0.918	0.313	0.943
MAOA	PRKN	9606.ENSP00000340684	9606.ENSP00000355865	0	0	0	0	0	0.097	0.900	0.489	0.949
MAP2K4	CRK	9606.ENSP00000410402	9606.ENSP00000300574	0	0	0	0	0.182	0	0.900	0.277	0.935
MAP2K4	PPM1A	9606.ENSP00000410402	9606.ENSP00000327255	0	0	0	0	0.060	0	0.900	0.481	0.946
MAP2K4	MAPK9	9606.ENSP00000410402	9606.ENSP00000394560	0	0	0.108	0.583	0.243	0.995	0.900	0.359	0.999
MAP2K4	AKT3	9606.ENSP00000410402	9606.ENSP00000500582	0	0	0	0.596	0	0.105	0.900	0.180	0.920
MAPK1	IL6ST	9606.ENSP00000215832	9606.ENSP00000370698	0	0	0	0	0.049	0	0.400	0.520	0.702
MAPK1	GNG12	9606.ENSP00000215832	9606.ENSP00000360021	0	0	0	0	0.053	0	0.650	0.207	0.714
MAPK1	GNB5	9606.ENSP00000215832	9606.ENSP00000261837	0	0	0	0	0.117	0.162	0.650	0.163	0.754
MAPK1	FGF2	9606.ENSP00000215832	9606.ENSP00000264498	0	0	0	0	0.054	0	0.400	0.644	0.780
MAPK1	GNB1	9606.ENSP00000215832	9606.ENSP00000367872	0	0	0	0	0.242	0.162	0.650	0.239	0.808
MAPK1	ATP1B2	9606.ENSP00000215832	9606.ENSP00000250111	0	0	0	0	0.049	0	0.900	0.062	0.903
MAPK1	ATP1A2	9606.ENSP00000215832	9606.ENSP00000354490	0	0	0	0	0.067	0.071	0.900	0.126	0.914
MAPK1	NOS1	9606.ENSP00000215832	9606.ENSP00000477999	0	0	0	0	0.067	0	0.900	0.167	0.915
MAPK1	DUSP7	9606.ENSP00000215832	9606.ENSP00000417183	0	0	0	0	0.045	0.657	0.650	0.356	0.916
MAPK1	BAD	9606.ENSP00000215832	9606.ENSP00000378040	0	0	0	0	0.060	0	0.900	0.195	0.917
MAPK1	ROCK1	9606.ENSP00000215832	9606.ENSP00000382697	0	0	0	0.586	0.073	0.110	0.900	0.176	0.922
MAPK1	SMAD5	9606.ENSP00000215832	9606.ENSP00000441954	0	0	0	0	0.092	0	0.900	0.222	0.923
MAPK1	AKT3	9606.ENSP00000215832	9606.ENSP00000500582	0	0	0	0.601	0.085	0.110	0.900	0.218	0.927
MAPK1	FOXO1	9606.ENSP00000215832	9606.ENSP00000368880	0	0	0	0	0	0.057	0.900	0.425	0.941
MAPK1	GJA1	9606.ENSP00000215832	9606.ENSP00000282561	0	0	0	0	0	0.292	0.900	0.269	0.943
MAPK1	ETS2	9606.ENSP00000215832	9606.ENSP00000353344	0	0	0	0	0.067	0.069	0.900	0.450	0.945
MAPK1	STAT1	9606.ENSP00000215832	9606.ENSP00000354394	0	0	0	0	0.090	0.091	0.900	0.471	0.950
MAPK1	SMAD1	9606.ENSP00000215832	9606.ENSP00000305769	0	0	0	0	0.060	0.625	0.900	0.126	0.965
MAPK1	DUSP3	9606.ENSP00000215832	9606.ENSP00000226004	0	0	0	0	0.078	0.613	0.900	0.502	0.979
MAPK1	HIF1A	9606.ENSP00000215832	9606.ENSP00000437955	0	0	0	0	0.049	0.626	0.900	0.648	0.985
MAPK1	RPS6KA3	9606.ENSP00000215832	9606.ENSP00000368884	0	0	0	0.659	0.077	0.872	0.900	0.212	0.989
MAPK1	DUSP6	9606.ENSP00000215832	9606.ENSP00000279488	0	0	0	0	0.042	0.872	0.650	0.928	0.996
MAPK1	MKNK1	9606.ENSP00000215832	9606.ENSP00000498083	0	0	0	0.584	0.104	0.981	0.900	0.558	0.999
MAPK9	DUSP3	9606.ENSP00000394560	9606.ENSP00000226004	0	0	0	0	0.088	0.130	0.900	0.217	0.929
MAPK9	RALB	9606.ENSP00000394560	9606.ENSP00000272519	0	0	0	0	0.092	0.145	0.900	0.057	0.917
MAPK9	CRK	9606.ENSP00000394560	9606.ENSP00000300574	0	0	0	0	0.074	0.046	0.900	0.232	0.923
MAPK9	MRPL4	9606.ENSP00000394560	9606.ENSP00000306902	0	0	0	0	0.087	0.767	0	0.049	0.780
MAPK9	BID	9606.ENSP00000394560	9606.ENSP00000318822	0	0	0	0	0.042	0	0.900	0.152	0.911
MAPK9	FOXO1	9606.ENSP00000394560	9606.ENSP00000368880	0	0	0	0	0	0.099	0.900	0.352	0.936
MAPK9	BAD	9606.ENSP00000394560	9606.ENSP00000378040	0	0	0	0	0	0	0.900	0.100	0.906
MAPK9	DUSP7	9606.ENSP00000394560	9606.ENSP00000417183	0	0	0	0	0.067	0.114	0.900	0.151	0.920
MAPK9	MAP2K4	9606.ENSP00000394560	9606.ENSP00000410402	0	0	0.108	0.583	0.243	0.995	0.900	0.359	0.999
MCM6	ASF1A	9606.ENSP00000264156	9606.ENSP00000229595	0	0	0	0	0.243	0.784	0	0.437	0.900
MCM6	CDK1	9606.ENSP00000264156	9606.ENSP00000378699	0	0	0	0	0.513	0	0	0.541	0.767
MEIS2	PAX6	9606.ENSP00000453793	9606.ENSP00000492024	0	0	0	0	0.081	0.127	0	0.820	0.843
MINK1	ENSA	9606.ENSP00000347427	9606.ENSP00000341743	0	0	0	0	0.056	0	0	0.897	0.898
MKNK1	MAPK1	9606.ENSP00000498083	9606.ENSP00000215832	0	0	0	0.584	0.104	0.981	0.900	0.558	0.999
MLX	ACLY	9606.ENSP00000246912	9606.ENSP00000466259	0	0	0	0	0.060	0	0.750	0	0.754
MRPL4	HMGN1	9606.ENSP00000306902	9606.ENSP00000370125	0.070	0	0	0	0.534	0.452	0	0.166	0.775
MRPL4	MAPK9	9606.ENSP00000306902	9606.ENSP00000394560	0	0	0	0	0.087	0.767	0	0.049	0.780
MSL3	KAT5	9606.ENSP00000312244	9606.ENSP00000340330	0	0	0	0	0	0.301	0.900	0.451	0.958
MT1E	MT3	9606.ENSP00000328137	9606.ENSP00000200691	0	0	0	0	0.061	0	0	0.889	0.891
MT1E	MT2A	9606.ENSP00000328137	9606.ENSP00000245185	0	0	0	0.925	0.816	0	0	0.110	0.829
MT1E	MT1HL1	9606.ENSP00000328137	9606.ENSP00000476141	0	0	0	0.908	0.776	0	0	0.087	0.786
MT1E	MT1F	9606.ENSP00000328137	9606.ENSP00000334872	0	0	0	0.921	0.781	0	0	0.113	0.797
MT1E	MT1X	9606.ENSP00000328137	9606.ENSP00000377995	0	0	0	0.911	0.781	0	0	0.117	0.798
MT1E	MT1M	9606.ENSP00000328137	9606.ENSP00000369146	0	0	0	0.903	0.778	0.320	0	0.107	0.853
MT1E	MT1H	9606.ENSP00000328137	9606.ENSP00000330587	0	0	0	0.918	0.999	0	0	0.400	0.999
MT1F	MT2A	9606.ENSP00000334872	9606.ENSP00000245185	0	0	0.053	0.975	0.764	0	0	0.063	0.772
MT1F	MT1E	9606.ENSP00000334872	9606.ENSP00000328137	0	0	0	0.921	0.781	0	0	0.113	0.797
MT1F	MT1H	9606.ENSP00000334872	9606.ENSP00000330587	0	0	0.053	0.972	0.988	0.045	0	0.384	0.992
MT1F	MT1HL1	9606.ENSP00000334872	9606.ENSP00000476141	0	0	0.050	0.971	0.738	0	0	0.057	0.744
MT1F	MT1M	9606.ENSP00000334872	9606.ENSP00000369146	0	0	0.055	0.969	0.780	0	0	0.374	0.858
MT1F	MT1X	9606.ENSP00000334872	9606.ENSP00000377995	0	0	0.055	0.968	0.995	0.045	0	0.093	0.995
MT1H	MT2A	9606.ENSP00000330587	9606.ENSP00000245185	0	0	0.053	0.974	0.780	0	0	0.064	0.788
MT1H	MT1E	9606.ENSP00000330587	9606.ENSP00000328137	0	0	0	0.918	0.999	0	0	0.400	0.999
MT1H	MT1X	9606.ENSP00000330587	9606.ENSP00000377995	0	0	0.051	0.972	0.785	0	0	0.373	0.860
MT1H	MT1HL1	9606.ENSP00000330587	9606.ENSP00000476141	0	0	0.052	0.975	0.856	0.045	0	0.078	0.864
MT1H	MT1M	9606.ENSP00000330587	9606.ENSP00000369146	0	0	0.054	0.969	0.860	0.045	0	0.086	0.869
MT1H	MT1F	9606.ENSP00000330587	9606.ENSP00000334872	0	0	0.053	0.972	0.988	0.045	0	0.384	0.992
MT1HL1	MT3	9606.ENSP00000476141	9606.ENSP00000200691	0	0	0.519	0	0.236	0.043	0	0.311	0.725
MT1HL1	MT1E	9606.ENSP00000476141	9606.ENSP00000328137	0	0	0	0.908	0.776	0	0	0.087	0.786
MT1HL1	MT1H	9606.ENSP00000476141	9606.ENSP00000330587	0	0	0.052	0.975	0.856	0.045	0	0.078	0.864
MT1HL1	MT1F	9606.ENSP00000476141	9606.ENSP00000334872	0	0	0.050	0.971	0.738	0	0	0.057	0.744
MT1HL1	MT1X	9606.ENSP00000476141	9606.ENSP00000377995	0	0	0.048	0.970	0.853	0.045	0	0.080	0.861
MT1M	MT1E	9606.ENSP00000369146	9606.ENSP00000328137	0	0	0	0.903	0.778	0.320	0	0.107	0.853
MT1M	MT1H	9606.ENSP00000369146	9606.ENSP00000330587	0	0	0.054	0.969	0.860	0.045	0	0.086	0.869
MT1M	MT1F	9606.ENSP00000369146	9606.ENSP00000334872	0	0	0.055	0.969	0.780	0	0	0.374	0.858
MT1M	MT1X	9606.ENSP00000369146	9606.ENSP00000377995	0	0	0.055	0.968	0.856	0.045	0	0.087	0.866
MT1X	MT2A	9606.ENSP00000377995	9606.ENSP00000245185	0	0	0.053	0.972	0.782	0	0	0.404	0.866
MT1X	MT1E	9606.ENSP00000377995	9606.ENSP00000328137	0	0	0	0.911	0.781	0	0	0.117	0.798
MT1X	MT1H	9606.ENSP00000377995	9606.ENSP00000330587	0	0	0.051	0.972	0.785	0	0	0.373	0.860
MT1X	MT1F	9606.ENSP00000377995	9606.ENSP00000334872	0	0	0.055	0.968	0.995	0.045	0	0.093	0.995
MT1X	MT1M	9606.ENSP00000377995	9606.ENSP00000369146	0	0	0.055	0.968	0.856	0.045	0	0.087	0.866
MT1X	MT1HL1	9606.ENSP00000377995	9606.ENSP00000476141	0	0	0.048	0.970	0.853	0.045	0	0.080	0.861
MT2A	MT1F	9606.ENSP00000245185	9606.ENSP00000334872	0	0	0.053	0.975	0.764	0	0	0.063	0.772
MT2A	MT1H	9606.ENSP00000245185	9606.ENSP00000330587	0	0	0.053	0.974	0.780	0	0	0.064	0.788
MT2A	MT1E	9606.ENSP00000245185	9606.ENSP00000328137	0	0	0	0.925	0.816	0	0	0.110	0.829
MT2A	MT1X	9606.ENSP00000245185	9606.ENSP00000377995	0	0	0.053	0.972	0.782	0	0	0.404	0.866
MT3	MT1HL1	9606.ENSP00000200691	9606.ENSP00000476141	0	0	0.519	0	0.236	0.043	0	0.311	0.725
MT3	MT1E	9606.ENSP00000200691	9606.ENSP00000328137	0	0	0	0	0.061	0	0	0.889	0.891
MTM1	INPP4A	9606.ENSP00000359423	9606.ENSP00000074304	0	0	0	0	0.060	0	0.900	0.368	0.935
MTM1	PIK3C3	9606.ENSP00000359423	9606.ENSP00000262039	0	0	0	0	0	0	0.650	0.938	0.977
MTM1	PLCB1	9606.ENSP00000359423	9606.ENSP00000338185	0	0	0	0	0	0	0.900	0.167	0.913
MTMR7	INPP4A	9606.ENSP00000180173	9606.ENSP00000074304	0	0	0	0	0.049	0	0.900	0.137	0.910
MTMR7	PIK3C3	9606.ENSP00000180173	9606.ENSP00000262039	0	0	0	0	0	0.075	0.650	0.490	0.820
MYO5A	GNB5	9606.ENSP00000382177	9606.ENSP00000261837	0	0.167	0	0	0.063	0	0	0.700	0.746
MYO5A	SYTL2	9606.ENSP00000382177	9606.ENSP00000318803	0	0	0	0	0.042	0	0	0.784	0.784
MYO5A	TRIM3	9606.ENSP00000382177	9606.ENSP00000433102	0	0	0	0	0	0.512	0	0.705	0.850
NAPG	STX6	9606.ENSP00000324628	9606.ENSP00000258301	0	0.178	0	0	0.049	0.779	0.540	0.280	0.932
NDUFAF4	NDUFB2	9606.ENSP00000358272	9606.ENSP00000419087	0	0	0	0	0.056	0	0.838	0.165	0.861
NDUFB2	UQCRC1	9606.ENSP00000419087	9606.ENSP00000203407	0	0	0	0	0.133	0.800	0	0.290	0.866
NDUFB2	NDUFAF4	9606.ENSP00000419087	9606.ENSP00000358272	0	0	0	0	0.056	0	0.838	0.165	0.861
NEUROD6	FOXG1	9606.ENSP00000297142	9606.ENSP00000339004	0	0	0	0	0.200	0	0	0.672	0.726
NMU	NTSR2	9606.ENSP00000264218	9606.ENSP00000303686	0	0	0	0	0	0	0.500	0.602	0.792
NMU	NPY	9606.ENSP00000264218	9606.ENSP00000384364	0	0	0	0	0.049	0	0.500	0.613	0.800
NMU	GNB1	9606.ENSP00000264218	9606.ENSP00000367872	0	0	0	0	0	0.800	0.500	0	0.895
NOS1	MAPK1	9606.ENSP00000477999	9606.ENSP00000215832	0	0	0	0	0.067	0	0.900	0.167	0.915
NOS1	GUCY1A2	9606.ENSP00000477999	9606.ENSP00000282249	0	0	0	0	0.049	0	0.900	0.151	0.912
NOS1	AKT3	9606.ENSP00000477999	9606.ENSP00000500582	0	0	0	0	0	0.045	0.900	0.044	0.900
NOS1	RYR3	9606.ENSP00000477999	9606.ENSP00000489262	0	0	0	0	0.106	0	0.900	0.163	0.918
NOTCH2	DTX3	9606.ENSP00000256646	9606.ENSP00000448696	0	0	0	0	0	0.314	0.650	0.315	0.821
NPY	PVALB	9606.ENSP00000384364	9606.ENSP00000216200	0	0	0	0	0.083	0	0	0.819	0.827
NPY	NMU	9606.ENSP00000384364	9606.ENSP00000264218	0	0	0	0	0.049	0	0.500	0.613	0.800
NPY	CRH	9606.ENSP00000384364	9606.ENSP00000276571	0	0	0	0	0.138	0	0	0.946	0.951
NPY	HTR1F	9606.ENSP00000384364	9606.ENSP00000322924	0	0	0	0	0	0	0.650	0.220	0.715
NPY	GAD1	9606.ENSP00000384364	9606.ENSP00000350928	0	0	0	0	0.080	0	0	0.692	0.705
NPY	AGT	9606.ENSP00000384364	9606.ENSP00000355627	0	0	0	0	0.072	0	0.500	0.573	0.784
NPY	GNB1	9606.ENSP00000384364	9606.ENSP00000367872	0	0	0	0	0	0.800	0	0.064	0.804
NPY	FOXO1	9606.ENSP00000384364	9606.ENSP00000368880	0	0	0	0	0	0	0.750	0.418	0.848
NQO1	EPHX1	9606.ENSP00000319788	9606.ENSP00000480004	0	0	0	0	0.147	0	0	0.767	0.793
NQO1	HIF1A	9606.ENSP00000319788	9606.ENSP00000437955	0	0	0	0	0.042	0.312	0	0.794	0.852
NR3C1	STAT1	9606.ENSP00000231509	9606.ENSP00000354394	0	0	0	0	0.077	0.045	0.500	0.403	0.701
NR3C1	BAG1	9606.ENSP00000231509	9606.ENSP00000489189	0	0	0	0	0	0.626	0	0.565	0.830
NR3C1	HIF1A	9606.ENSP00000231509	9606.ENSP00000437955	0	0	0	0	0.128	0.071	0.500	0.678	0.852
NR3C1	CRH	9606.ENSP00000231509	9606.ENSP00000276571	0	0	0	0	0	0	0	0.872	0.872
NR3C1	FOXO1	9606.ENSP00000231509	9606.ENSP00000368880	0	0	0	0	0.056	0.054	0.700	0.638	0.890
NR3C1	NTRK2	9606.ENSP00000231509	9606.ENSP00000277120	0	0	0	0	0	0.314	0	0.867	0.905
NRCAM	ANK1	9606.ENSP00000368314	9606.ENSP00000265709	0	0	0	0	0.051	0.134	0.900	0.822	0.983
NRCAM	SPTBN1	9606.ENSP00000368314	9606.ENSP00000349259	0	0	0	0	0.121	0	0.500	0.605	0.811
NRCAM	PTPRZ1	9606.ENSP00000368314	9606.ENSP00000377047	0	0	0	0	0.130	0.139	0	0.905	0.923
NTRK2	NR3C1	9606.ENSP00000277120	9606.ENSP00000231509	0	0	0	0	0	0.314	0	0.867	0.905
NTRK2	FGF2	9606.ENSP00000277120	9606.ENSP00000264498	0	0	0	0	0.056	0	0.650	0.745	0.908
NTRK2	NTSR2	9606.ENSP00000277120	9606.ENSP00000303686	0	0	0	0	0.180	0	0	0.676	0.722
NTRK2	FYN	9606.ENSP00000277120	9606.ENSP00000346671	0	0	0	0.689	0.060	0.292	0.700	0.489	0.884
NTSR2	NMU	9606.ENSP00000303686	9606.ENSP00000264218	0	0	0	0	0	0	0.500	0.602	0.792
NTSR2	NTRK2	9606.ENSP00000303686	9606.ENSP00000277120	0	0	0	0	0.180	0	0	0.676	0.722
PAFAH1B1	CRK	9606.ENSP00000380378	9606.ENSP00000300574	0	0	0	0	0.219	0	0	0.733	0.782
PAFAH1B1	PITPNA	9606.ENSP00000380378	9606.ENSP00000316809	0	0	0	0	0.465	0	0	0.804	0.890
PAFAH1B1	ACTR1A	9606.ENSP00000380378	9606.ENSP00000358921	0	0	0	0	0.172	0.065	0.800	0.290	0.875
PAFAH1B1	CDK1	9606.ENSP00000380378	9606.ENSP00000378699	0	0	0	0	0	0.329	0.800	0.187	0.881
PAX6	SOX9	9606.ENSP00000492024	9606.ENSP00000245479	0	0	0	0	0.118	0.183	0	0.710	0.773
PAX6	FGF2	9606.ENSP00000492024	9606.ENSP00000264498	0	0	0	0	0.096	0	0	0.690	0.708
PAX6	SOX2	9606.ENSP00000492024	9606.ENSP00000323588	0	0	0	0	0.136	0.309	0	0.965	0.977
PAX6	FOXG1	9606.ENSP00000492024	9606.ENSP00000339004	0	0	0	0	0.140	0.084	0	0.842	0.865
PAX6	FABP7	9606.ENSP00000492024	9606.ENSP00000348931	0	0	0	0	0.131	0.071	0	0.659	0.701
PAX6	MEIS2	9606.ENSP00000492024	9606.ENSP00000453793	0	0	0	0	0.081	0.127	0	0.820	0.843
PCDH7	GJA1	9606.ENSP00000441802	9606.ENSP00000282561	0	0	0	0	0.133	0.132	0	0.921	0.935
PDCD6	KLHL24	9606.ENSP00000264933	9606.ENSP00000395012	0	0	0	0	0.042	0	0.720	0.054	0.724
PDCD6	TMED7	9606.ENSP00000264933	9606.ENSP00000405926	0	0	0	0	0.055	0	0.900	0.091	0.906
PDK3	PDK4	9606.ENSP00000498864	9606.ENSP00000005178	0	0	0.058	0.965	0	0.786	0	0.067	0.795
PDK3	DLAT	9606.ENSP00000498864	9606.ENSP00000280346	0	0	0	0	0.049	0.986	0.466	0.654	0.997
PDK4	ANGPTL4	9606.ENSP00000005178	9606.ENSP00000301455	0	0	0	0	0.143	0	0	0.707	0.739
PDK4	PDK3	9606.ENSP00000005178	9606.ENSP00000498864	0	0	0.058	0.965	0	0.786	0	0.067	0.795
PDK4	DLAT	9606.ENSP00000005178	9606.ENSP00000280346	0	0	0	0	0.043	0.449	0.466	0.426	0.817
PELI1	UBE2N	9606.ENSP00000351789	9606.ENSP00000316176	0	0	0	0	0.043	0.302	0.500	0.528	0.821
PHF3	POLR2E	9606.ENSP00000262043	9606.ENSP00000478303	0	0	0	0	0.055	0.797	0	0	0.799
PIAS1	SRSF1	9606.ENSP00000438574	9606.ENSP00000258962	0	0	0	0	0.074	0.292	0	0.700	0.786
PIAS1	STAT1	9606.ENSP00000438574	9606.ENSP00000354394	0	0	0	0	0.119	0.853	0.900	0.994	0.999
PIAS1	SUMO3	9606.ENSP00000438574	9606.ENSP00000409666	0	0	0	0	0	0.565	0.400	0.917	0.976
PIK3C3	INPP4A	9606.ENSP00000262039	9606.ENSP00000074304	0	0	0	0	0.054	0	0.900	0.403	0.938
PIK3C3	MTMR7	9606.ENSP00000262039	9606.ENSP00000180173	0	0	0	0	0	0.075	0.650	0.490	0.820
PIK3C3	PIK3CB	9606.ENSP00000262039	9606.ENSP00000501150	0	0	0	0.632	0.067	0	0.540	0.599	0.813
PIK3C3	ATG5	9606.ENSP00000262039	9606.ENSP00000358072	0	0	0	0	0.056	0.087	0.500	0.944	0.972
PIK3C3	MTM1	9606.ENSP00000262039	9606.ENSP00000359423	0	0	0	0	0	0	0.650	0.938	0.977
PIK3CB	PIK3C3	9606.ENSP00000501150	9606.ENSP00000262039	0	0	0	0.632	0.067	0	0.540	0.599	0.813
PIK3CB	CRK	9606.ENSP00000501150	9606.ENSP00000300574	0	0	0	0	0.050	0.226	0.650	0.204	0.767
PIK3CB	PLCB1	9606.ENSP00000501150	9606.ENSP00000338185	0	0	0	0	0.066	0	0.650	0.205	0.717
PIK3CB	FYN	9606.ENSP00000501150	9606.ENSP00000346671	0	0	0	0	0	0.069	0.900	0.525	0.951
PIK3CB	GNB1	9606.ENSP00000501150	9606.ENSP00000367872	0	0	0	0	0.042	0.292	0.650	0.051	0.744
PIK3CB	FOXO1	9606.ENSP00000501150	9606.ENSP00000368880	0	0	0	0	0	0.184	0	0.792	0.823
PIK3CB	IL6ST	9606.ENSP00000501150	9606.ENSP00000370698	0	0	0	0	0.063	0	0.900	0.085	0.906
PIK3CB	SYNJ1	9606.ENSP00000501150	9606.ENSP00000409667	0	0	0	0	0.088	0	0.650	0.159	0.708
PIK3CB	AKT3	9606.ENSP00000501150	9606.ENSP00000500582	0	0	0	0	0	0.098	0.900	0.636	0.964
PINK1	SIRT1	9606.ENSP00000364204	9606.ENSP00000212015	0	0	0	0	0.055	0.073	0	0.685	0.700
PINK1	TOMM22	9606.ENSP00000364204	9606.ENSP00000216034	0	0	0	0	0	0.292	0.400	0.783	0.900
PINK1	PRKN	9606.ENSP00000364204	9606.ENSP00000355865	0	0	0	0	0	0.979	0.900	0.999	0.999
PINK1	ATG5	9606.ENSP00000364204	9606.ENSP00000358072	0	0	0	0	0	0	0	0.776	0.776
PINK1	FOXO1	9606.ENSP00000364204	9606.ENSP00000368880	0	0	0	0	0.049	0.053	0.750	0.431	0.854
PINK1	CALCOCO2	9606.ENSP00000364204	9606.ENSP00000398523	0	0	0	0	0.056	0	0	0.924	0.925
PITPNA	CRK	9606.ENSP00000316809	9606.ENSP00000300574	0	0	0	0	0.181	0	0	0.764	0.798
PITPNA	PAFAH1B1	9606.ENSP00000316809	9606.ENSP00000380378	0	0	0	0	0.465	0	0	0.804	0.890
PLCB1	GNB5	9606.ENSP00000338185	9606.ENSP00000261837	0	0	0	0	0	0	0.650	0.602	0.855
PLCB1	GRM5	9606.ENSP00000338185	9606.ENSP00000306138	0	0	0	0	0.104	0	0.500	0.484	0.749
PLCB1	ITPKB	9606.ENSP00000338185	9606.ENSP00000411152	0	0	0	0	0	0	0.650	0.206	0.710
PLCB1	PIK3CB	9606.ENSP00000338185	9606.ENSP00000501150	0	0	0	0	0.066	0	0.650	0.205	0.717
PLCB1	SYNJ1	9606.ENSP00000338185	9606.ENSP00000409667	0	0	0	0	0.087	0	0.650	0.224	0.730
PLCB1	GNB1	9606.ENSP00000338185	9606.ENSP00000367872	0	0	0	0	0	0	0.650	0.649	0.872
PLCB1	MTM1	9606.ENSP00000338185	9606.ENSP00000359423	0	0	0	0	0	0	0.900	0.167	0.913
PLCB1	ITPR2	9606.ENSP00000338185	9606.ENSP00000370744	0	0	0	0	0.076	0.071	0.900	0.368	0.938
PLPP3	CDS1	9606.ENSP00000360296	9606.ENSP00000295887	0	0	0	0	0	0	0.900	0.401	0.937
POLR2E	PHF3	9606.ENSP00000478303	9606.ENSP00000262043	0	0	0	0	0.055	0.797	0	0	0.799
POLR2E	GTF2H1	9606.ENSP00000478303	9606.ENSP00000265963	0	0	0	0	0.073	0.925	0.500	0.182	0.967
PPIA	H2AZ2	9606.ENSP00000419425	9606.ENSP00000308405	0	0	0	0	0.201	0.053	0.650	0	0.712
PPM1A	MAP2K4	9606.ENSP00000327255	9606.ENSP00000410402	0	0	0	0	0.060	0	0.900	0.481	0.946
PPP1R3C	PPP1R3D	9606.ENSP00000238994	9606.ENSP00000360035	0	0	0	0.692	0	0.816	0.900	0.323	0.986
PPP1R3D	PPP1R3C	9606.ENSP00000360035	9606.ENSP00000238994	0	0	0	0.692	0	0.816	0.900	0.323	0.986
PRKN	PSMB6	9606.ENSP00000355865	9606.ENSP00000270586	0	0	0	0	0	0.422	0.650	0.072	0.796
PRKN	PSMD1	9606.ENSP00000355865	9606.ENSP00000309474	0	0	0	0	0	0.422	0.650	0	0.789
PRKN	UBE2N	9606.ENSP00000355865	9606.ENSP00000316176	0	0	0	0	0	0.842	0.500	0.572	0.963
PRKN	MAOA	9606.ENSP00000355865	9606.ENSP00000340684	0	0	0	0	0	0.097	0.900	0.489	0.949
PRKN	HIF1A	9606.ENSP00000355865	9606.ENSP00000437955	0	0	0	0	0	0.525	0	0.427	0.716
PRKN	ATG5	9606.ENSP00000355865	9606.ENSP00000358072	0	0	0	0	0	0	0	0.717	0.717
PRKN	CALCOCO2	9606.ENSP00000355865	9606.ENSP00000398523	0	0	0	0	0	0.409	0	0.665	0.793
PRKN	PSMA7	9606.ENSP00000355865	9606.ENSP00000359910	0	0	0	0	0	0.601	0.650	0.427	0.912
PRKN	PINK1	9606.ENSP00000355865	9606.ENSP00000364204	0	0	0	0	0	0.979	0.900	0.999	0.999
PROM1	FGF2	9606.ENSP00000426809	9606.ENSP00000264498	0	0	0	0	0	0	0	0.720	0.720
PROM1	SOX2	9606.ENSP00000426809	9606.ENSP00000323588	0	0	0	0	0.078	0	0	0.871	0.876
PROM1	CD24	9606.ENSP00000426809	9606.ENSP00000481841	0	0	0	0	0.149	0	0	0.877	0.890
PSMA7	PSMB6	9606.ENSP00000359910	9606.ENSP00000270586	0	0	0	0	0.730	0.999	0.900	0.742	0.999
PSMA7	PSME3	9606.ENSP00000359910	9606.ENSP00000293362	0	0	0	0	0.178	0.703	0	0.417	0.845
PSMA7	PSMD1	9606.ENSP00000359910	9606.ENSP00000309474	0	0	0	0	0.671	0.990	0	0.505	0.998
PSMA7	PRKN	9606.ENSP00000359910	9606.ENSP00000355865	0	0	0	0	0	0.601	0.650	0.427	0.912
PSMA7	HIF1A	9606.ENSP00000359910	9606.ENSP00000437955	0	0	0	0	0.053	0.510	0.400	0.582	0.868
PSMB6	PSME3	9606.ENSP00000270586	9606.ENSP00000293362	0	0	0	0	0.167	0.407	0	0.564	0.766
PSMB6	PRKN	9606.ENSP00000270586	9606.ENSP00000355865	0	0	0	0	0	0.422	0.650	0.072	0.796
PSMB6	PSMD1	9606.ENSP00000270586	9606.ENSP00000309474	0	0	0	0	0.346	0.990	0	0.557	0.997
PSMB6	PSMA7	9606.ENSP00000270586	9606.ENSP00000359910	0	0	0	0	0.730	0.999	0.900	0.742	0.999
PSMD1	PSMB6	9606.ENSP00000309474	9606.ENSP00000270586	0	0	0	0	0.346	0.990	0	0.557	0.997
PSMD1	PSME3	9606.ENSP00000309474	9606.ENSP00000293362	0	0	0	0	0.221	0.449	0.360	0.451	0.829
PSMD1	PRKN	9606.ENSP00000309474	9606.ENSP00000355865	0	0	0	0	0	0.422	0.650	0	0.789
PSMD1	PSMA7	9606.ENSP00000309474	9606.ENSP00000359910	0	0	0	0	0.671	0.990	0	0.505	0.998
PSME3	SRSF1	9606.ENSP00000293362	9606.ENSP00000258962	0	0	0	0	0.681	0	0	0.142	0.714
PSME3	PSMB6	9606.ENSP00000293362	9606.ENSP00000270586	0	0	0	0	0.167	0.407	0	0.564	0.766
PSME3	PSMD1	9606.ENSP00000293362	9606.ENSP00000309474	0	0	0	0	0.221	0.449	0.360	0.451	0.829
PSME3	PSMA7	9606.ENSP00000293362	9606.ENSP00000359910	0	0	0	0	0.178	0.703	0	0.417	0.845
PTGES2	UQCRC1	9606.ENSP00000345341	9606.ENSP00000203407	0	0	0	0	0.411	0.574	0	0.047	0.740
PTGES2	EPHX1	9606.ENSP00000345341	9606.ENSP00000480004	0	0.747	0	0	0.074	0	0	0.116	0.775
PTPRZ1	NRCAM	9606.ENSP00000377047	9606.ENSP00000368314	0	0	0	0	0.130	0.139	0	0.905	0.923
PVALB	NPY	9606.ENSP00000216200	9606.ENSP00000384364	0	0	0	0	0.083	0	0	0.819	0.827
PVALB	GAD2	9606.ENSP00000216200	9606.ENSP00000365437	0	0	0	0	0.162	0.091	0	0.800	0.835
PVALB	GAD1	9606.ENSP00000216200	9606.ENSP00000350928	0	0	0	0	0.133	0.091	0	0.962	0.968
RAB6A	STX6	9606.ENSP00000311449	9606.ENSP00000258301	0	0	0	0	0.062	0.113	0.500	0.599	0.810
RABEP1	RABIF	9606.ENSP00000445408	9606.ENSP00000356231	0	0	0	0	0.049	0	0	0.697	0.700
RABEP1	GGA3	9606.ENSP00000445408	9606.ENSP00000438085	0	0	0	0	0.055	0.980	0.500	0.688	0.996
RABIF	EIF2B2	9606.ENSP00000356231	9606.ENSP00000266126	0	0	0	0	0.210	0	0	0.838	0.867
RABIF	CRK	9606.ENSP00000356231	9606.ENSP00000300574	0	0	0	0	0.122	0	0	0.840	0.854
RABIF	ARHGEF2	9606.ENSP00000356231	9606.ENSP00000354837	0	0	0	0	0.044	0	0	0.791	0.792
RABIF	RABEP1	9606.ENSP00000356231	9606.ENSP00000445408	0	0	0	0	0.049	0	0	0.697	0.700
RALB	MAPK9	9606.ENSP00000272519	9606.ENSP00000394560	0	0	0	0	0.092	0.145	0.900	0.057	0.917
RBMX2	TXNL4A	9606.ENSP00000339090	9606.ENSP00000269601	0	0	0	0	0.049	0.429	0.900	0.085	0.943
RBMX2	DHX16	9606.ENSP00000339090	9606.ENSP00000365625	0	0	0	0	0	0.973	0.900	0.471	0.998
REV3L	ERCC1	9606.ENSP00000351697	9606.ENSP00000013807	0	0	0	0	0	0.110	0	0.689	0.712
REV3L	UBE2N	9606.ENSP00000351697	9606.ENSP00000316176	0	0	0	0	0	0.528	0	0.709	0.857
RGS12	GNB5	9606.ENSP00000339381	9606.ENSP00000261837	0	0	0	0	0.068	0.178	0.500	0.875	0.945
RGS12	SUCLG2	9606.ENSP00000339381	9606.ENSP00000419325	0	0	0	0	0	0	0	0.863	0.863
RGS4	GNB5	9606.ENSP00000397181	9606.ENSP00000261837	0	0	0	0	0.070	0.178	0.500	0.883	0.949
RGS4	SUCLG2	9606.ENSP00000397181	9606.ENSP00000419325	0	0	0	0	0	0	0	0.825	0.825
RGS6	GNB5	9606.ENSP00000451030	9606.ENSP00000261837	0	0	0	0	0.102	0.788	0.500	0.998	0.999
RGS6	GNB1	9606.ENSP00000451030	9606.ENSP00000367872	0	0	0	0	0.074	0.440	0.500	0.486	0.849
RGS6	SUCLG2	9606.ENSP00000451030	9606.ENSP00000419325	0	0	0	0	0	0	0	0.891	0.891
RHCE	ANK1	9606.ENSP00000294413	9606.ENSP00000265709	0	0	0	0	0.137	0.900	0	0.222	0.927
RHCE	AQP1	9606.ENSP00000294413	9606.ENSP00000311165	0	0	0	0	0.101	0.800	0	0.160	0.835
ROCK1	MAPK1	9606.ENSP00000382697	9606.ENSP00000215832	0	0	0	0.586	0.073	0.110	0.900	0.176	0.922
ROCK1	HIF1A	9606.ENSP00000382697	9606.ENSP00000437955	0	0	0	0	0.201	0.071	0	0.642	0.711
RPS6KA3	MAPK1	9606.ENSP00000368884	9606.ENSP00000215832	0	0	0	0.659	0.077	0.872	0.900	0.212	0.989
RYR3	ASPH	9606.ENSP00000489262	9606.ENSP00000368767	0	0	0	0	0.113	0	0.800	0.433	0.890
RYR3	NOS1	9606.ENSP00000489262	9606.ENSP00000477999	0	0	0	0	0.106	0	0.900	0.163	0.918
S100A8	TP53BP2	9606.ENSP00000357721	9606.ENSP00000341957	0	0	0	0	0.089	0	0	0.835	0.843
SAMM50	TOMM22	9606.ENSP00000345445	9606.ENSP00000216034	0	0	0	0	0.218	0.783	0.540	0.967	0.997
SCN1B	KCNJ8	9606.ENSP00000396915	9606.ENSP00000499300	0	0	0	0	0	0	0	0.720	0.720
SDC2	FGF2	9606.ENSP00000307046	9606.ENSP00000264498	0	0	0	0	0.078	0.618	0.500	0.419	0.884
SDC2	SDC4	9606.ENSP00000307046	9606.ENSP00000361818	0	0	0.084	0.818	0.062	0.665	0.900	0.534	0.984
SDC4	FGF2	9606.ENSP00000361818	9606.ENSP00000264498	0	0	0	0	0.048	0.610	0.500	0.971	0.993
SDC4	SDC2	9606.ENSP00000361818	9606.ENSP00000307046	0	0	0.084	0.818	0.062	0.665	0.900	0.534	0.984
SEL1L	ERLIN2	9606.ENSP00000337053	9606.ENSP00000428112	0	0	0	0	0.067	0	0.500	0.658	0.826
SELENBP1	AHCYL1	9606.ENSP00000397261	9606.ENSP00000358814	0	0	0	0	0.042	0	0.800	0.160	0.825
SENP3	SUMO3	9606.ENSP00000314029	9606.ENSP00000409666	0	0	0	0	0.063	0.309	0	0.622	0.734
SIRT1	PINK1	9606.ENSP00000212015	9606.ENSP00000364204	0	0	0	0	0.055	0.073	0	0.685	0.700
SIRT1	ASF1A	9606.ENSP00000212015	9606.ENSP00000229595	0	0	0	0	0.109	0.198	0	0.639	0.719
SIRT1	BCL6	9606.ENSP00000212015	9606.ENSP00000384371	0	0	0	0	0.042	0.301	0	0.767	0.830
SIRT1	H3-3B	9606.ENSP00000212015	9606.ENSP00000254810	0	0	0	0	0.059	0.146	0.500	0.829	0.922
SIRT1	HIF1A	9606.ENSP00000212015	9606.ENSP00000437955	0	0	0	0	0.083	0.510	0	0.851	0.927
SIRT1	KAT5	9606.ENSP00000212015	9606.ENSP00000340330	0	0	0	0	0.077	0.665	0	0.805	0.934
SIRT1	KAT2B	9606.ENSP00000212015	9606.ENSP00000263754	0	0	0	0	0.075	0.424	0	0.932	0.960
SIRT1	ATG5	9606.ENSP00000212015	9606.ENSP00000358072	0	0	0	0	0.082	0.301	0	0.990	0.993
SIRT1	FOXO1	9606.ENSP00000212015	9606.ENSP00000368880	0	0	0	0	0.109	0.816	0.900	0.984	0.999
SLC1A3	FABP7	9606.ENSP00000265113	9606.ENSP00000348931	0	0	0	0	0.121	0	0	0.715	0.738
SLC1A3	ALDH1L1	9606.ENSP00000265113	9606.ENSP00000273450	0	0	0	0	0.159	0	0	0.750	0.781
SLC1A4	SLC7A1	9606.ENSP00000234256	9606.ENSP00000370128	0	0	0	0	0.191	0.050	0	0.703	0.752
SLC4A4	AHCYL1	9606.ENSP00000393557	9606.ENSP00000358814	0	0	0	0	0.114	0.091	0	0.962	0.966
SLC7A1	SLC1A4	9606.ENSP00000370128	9606.ENSP00000234256	0	0	0	0	0.191	0.050	0	0.703	0.752
SLC7A1	ESRRG	9606.ENSP00000370128	9606.ENSP00000355904	0	0	0	0	0	0	0	0.931	0.931
SLC7A8	SLCO1C1	9606.ENSP00000320378	9606.ENSP00000444149	0	0	0	0	0.057	0	0	0.727	0.731
SLCO1C1	SLC7A8	9606.ENSP00000444149	9606.ENSP00000320378	0	0	0	0	0.057	0	0	0.727	0.731
SMAD1	MAPK1	9606.ENSP00000305769	9606.ENSP00000215832	0	0	0	0	0.060	0.625	0.900	0.126	0.965
SMAD1	SMURF2	9606.ENSP00000305769	9606.ENSP00000262435	0	0	0	0	0.042	0.877	0.400	0.214	0.937
SMAD1	SMAD5	9606.ENSP00000305769	9606.ENSP00000441954	0	0	0.048	0.984	0.049	0.132	0.900	0.356	0.940
SMAD1	BMPR2	9606.ENSP00000305769	9606.ENSP00000363708	0	0	0	0	0.056	0.091	0.900	0.410	0.942
SMAD5	MAPK1	9606.ENSP00000441954	9606.ENSP00000215832	0	0	0	0	0.092	0	0.900	0.222	0.923
SMAD5	SMURF2	9606.ENSP00000441954	9606.ENSP00000262435	0	0	0	0	0.067	0.742	0.400	0.724	0.954
SMAD5	SMAD1	9606.ENSP00000441954	9606.ENSP00000305769	0	0	0.048	0.984	0.049	0.132	0.900	0.356	0.940
SMAD5	BMPR2	9606.ENSP00000441954	9606.ENSP00000363708	0	0	0	0	0.098	0.091	0.900	0.831	0.984
SMURF2	SMAD1	9606.ENSP00000262435	9606.ENSP00000305769	0	0	0	0	0.042	0.877	0.400	0.214	0.937
SMURF2	SMAD5	9606.ENSP00000262435	9606.ENSP00000441954	0	0	0	0	0.067	0.742	0.400	0.724	0.954
SON	SRSF11	9606.ENSP00000348984	9606.ENSP00000359988	0	0	0	0	0.849	0.215	0	0.205	0.897
SOX2	FGF2	9606.ENSP00000323588	9606.ENSP00000264498	0	0	0	0	0.067	0	0.500	0.868	0.933
SOX2	IGF2BP2	9606.ENSP00000323588	9606.ENSP00000410242	0	0	0	0	0.080	0.292	0	0.596	0.713
SOX2	CD24	9606.ENSP00000323588	9606.ENSP00000481841	0	0	0	0	0.088	0	0	0.720	0.734
SOX2	FOXG1	9606.ENSP00000323588	9606.ENSP00000339004	0	0	0	0	0.123	0.070	0	0.717	0.749
SOX2	HIF1A	9606.ENSP00000323588	9606.ENSP00000437955	0	0	0	0	0.051	0.095	0.400	0.585	0.758
SOX2	PROM1	9606.ENSP00000323588	9606.ENSP00000426809	0	0	0	0	0.078	0	0	0.871	0.876
SOX2	KPNA4	9606.ENSP00000323588	9606.ENSP00000334373	0	0	0	0	0	0.928	0	0.118	0.934
SOX2	CDK1	9606.ENSP00000323588	9606.ENSP00000378699	0	0	0	0	0.084	0.510	0	0.921	0.961
SOX2	PAX6	9606.ENSP00000323588	9606.ENSP00000492024	0	0	0	0	0.136	0.309	0	0.965	0.977
SOX9	PAX6	9606.ENSP00000245479	9606.ENSP00000492024	0	0	0	0	0.118	0.183	0	0.710	0.773
SPON1	APLP2	9606.ENSP00000460236	9606.ENSP00000497691	0	0	0	0	0.057	0.313	0	0.604	0.721
SPTBN1	ANK1	9606.ENSP00000349259	9606.ENSP00000265709	0	0	0	0	0.059	0.574	0.500	0.860	0.968
SPTBN1	NRCAM	9606.ENSP00000349259	9606.ENSP00000368314	0	0	0	0	0.121	0	0.500	0.605	0.811
SRSF1	ASF1A	9606.ENSP00000258962	9606.ENSP00000229595	0	0	0	0	0.115	0	0	0.889	0.897
SRSF1	H3-3B	9606.ENSP00000258962	9606.ENSP00000254810	0	0	0	0	0.073	0.057	0	0.980	0.981
SRSF1	PSME3	9606.ENSP00000258962	9606.ENSP00000293362	0	0	0	0	0.681	0	0	0.142	0.714
SRSF1	PIAS1	9606.ENSP00000258962	9606.ENSP00000438574	0	0	0	0	0.074	0.292	0	0.700	0.786
SRSF1	SRSF11	9606.ENSP00000258962	9606.ENSP00000359988	0	0	0	0	0.185	0.230	0.800	0.595	0.942
SRSF11	SRSF1	9606.ENSP00000359988	9606.ENSP00000258962	0	0	0	0	0.185	0.230	0.800	0.595	0.942
SRSF11	SON	9606.ENSP00000359988	9606.ENSP00000348984	0	0	0	0	0.849	0.215	0	0.205	0.897
STAT1	MAPK1	9606.ENSP00000354394	9606.ENSP00000215832	0	0	0	0	0.090	0.091	0.900	0.471	0.950
STAT1	NR3C1	9606.ENSP00000354394	9606.ENSP00000231509	0	0	0	0	0.077	0.045	0.500	0.403	0.701
STAT1	CAPRIN1	9606.ENSP00000354394	9606.ENSP00000340329	0	0	0	0	0.055	0.140	0	0.740	0.770
STAT1	FYN	9606.ENSP00000354394	9606.ENSP00000346671	0	0	0	0	0.077	0.096	0.500	0.375	0.704
STAT1	BCL6	9606.ENSP00000354394	9606.ENSP00000384371	0	0	0	0	0.110	0.058	0	0.706	0.732
STAT1	HIF1A	9606.ENSP00000354394	9606.ENSP00000437955	0	0	0	0	0.072	0.045	0	0.738	0.748
STAT1	IFITM3	9606.ENSP00000354394	9606.ENSP00000382707	0	0	0	0	0.257	0	0.500	0.571	0.826
STAT1	IL6ST	9606.ENSP00000354394	9606.ENSP00000370698	0	0	0	0	0.063	0.370	0.500	0.783	0.927
STAT1	PIAS1	9606.ENSP00000354394	9606.ENSP00000438574	0	0	0	0	0.119	0.853	0.900	0.994	0.999
STK24	CASP7	9606.ENSP00000365730	9606.ENSP00000358327	0	0	0	0	0.042	0	0.750	0	0.750
STK24	CAB39L	9606.ENSP00000365730	9606.ENSP00000479669	0	0	0	0	0.044	0.939	0	0.506	0.968
STX6	RAB6A	9606.ENSP00000258301	9606.ENSP00000311449	0	0	0	0	0.062	0.113	0.500	0.599	0.810
STX6	VAMP1	9606.ENSP00000258301	9606.ENSP00000379602	0	0	0	0	0	0.296	0.540	0.780	0.922
STX6	NAPG	9606.ENSP00000258301	9606.ENSP00000324628	0	0.178	0	0	0.049	0.779	0.540	0.280	0.932
SUCLG2	GNB5	9606.ENSP00000419325	9606.ENSP00000261837	0	0	0	0	0	0	0	0.851	0.851
SUCLG2	DLAT	9606.ENSP00000419325	9606.ENSP00000280346	0.079	0.002	0	0	0.585	0.099	0.864	0.414	0.967
SUCLG2	RGS12	9606.ENSP00000419325	9606.ENSP00000339381	0	0	0	0	0	0	0	0.863	0.863
SUCLG2	GNB1	9606.ENSP00000419325	9606.ENSP00000367872	0	0	0	0	0.042	0	0	0.875	0.875
SUCLG2	RGS4	9606.ENSP00000419325	9606.ENSP00000397181	0	0	0	0	0	0	0	0.825	0.825
SUCLG2	IDH3B	9606.ENSP00000419325	9606.ENSP00000482773	0.056	0.002	0	0	0.201	0.101	0.540	0.475	0.806
SUCLG2	RGS6	9606.ENSP00000419325	9606.ENSP00000451030	0	0	0	0	0	0	0	0.891	0.891
SUMO3	SENP3	9606.ENSP00000409666	9606.ENSP00000314029	0	0	0	0	0.063	0.309	0	0.622	0.734
SUMO3	UBE2N	9606.ENSP00000409666	9606.ENSP00000316176	0	0	0	0	0.179	0.268	0.500	0.205	0.729
SUMO3	PIAS1	9606.ENSP00000409666	9606.ENSP00000438574	0	0	0	0	0	0.565	0.400	0.917	0.976
SYNJ1	INPP4A	9606.ENSP00000409667	9606.ENSP00000074304	0	0	0	0	0.085	0	0.900	0.532	0.953
SYNJ1	PLCB1	9606.ENSP00000409667	9606.ENSP00000338185	0	0	0	0	0.087	0	0.650	0.224	0.730
SYNJ1	PIK3CB	9606.ENSP00000409667	9606.ENSP00000501150	0	0	0	0	0.088	0	0.650	0.159	0.708
SYTL2	MYO5A	9606.ENSP00000318803	9606.ENSP00000382177	0	0	0	0	0.042	0	0	0.784	0.784
TBC1D4	AKT3	9606.ENSP00000366863	9606.ENSP00000500582	0	0	0	0	0.056	0	0.900	0.325	0.930
TGFB2	ITGB8	9606.ENSP00000355896	9606.ENSP00000222573	0	0	0	0	0.088	0	0.500	0.597	0.800
TGFB2	ITGAV	9606.ENSP00000355896	9606.ENSP00000261023	0	0	0	0	0.124	0	0.500	0.632	0.825
TGFB2	FGF2	9606.ENSP00000355896	9606.ENSP00000264498	0	0	0	0	0.100	0	0	0.775	0.789
TGFB2	BMPR2	9606.ENSP00000355896	9606.ENSP00000363708	0	0	0	0	0.073	0.126	0	0.728	0.761
TGIF1	CTBP2	9606.ENSP00000327959	9606.ENSP00000311825	0	0	0	0	0.054	0.607	0	0.496	0.796
TMED3	COPA	9606.ENSP00000299705	9606.ENSP00000357048	0	0	0	0	0.055	0	0.720	0.045	0.725
TMED3	TMED7	9606.ENSP00000299705	9606.ENSP00000405926	0	0	0.057	0.965	0.049	0	0.720	0.060	0.732
TMED7	PDCD6	9606.ENSP00000405926	9606.ENSP00000264933	0	0	0	0	0.055	0	0.900	0.091	0.906
TMED7	TMED3	9606.ENSP00000405926	9606.ENSP00000299705	0	0	0.057	0.965	0.049	0	0.720	0.060	0.732
TMED7	COPA	9606.ENSP00000405926	9606.ENSP00000357048	0	0	0	0	0.085	0	0.900	0.045	0.904
TNFSF10	CASP7	9606.ENSP00000241261	9606.ENSP00000358327	0	0	0	0	0.149	0	0	0.703	0.736
TOB1	CNOT9	9606.ENSP00000427695	9606.ENSP00000486540	0	0	0	0	0	0.768	0.900	0.174	0.979
TOMM22	PINK1	9606.ENSP00000216034	9606.ENSP00000364204	0	0	0	0	0	0.292	0.400	0.783	0.900
TOMM22	SAMM50	9606.ENSP00000216034	9606.ENSP00000345445	0	0	0	0	0.218	0.783	0.540	0.967	0.997
TP53BP2	BAD	9606.ENSP00000341957	9606.ENSP00000378040	0	0	0	0	0	0	0	0.774	0.774
TP53BP2	S100A8	9606.ENSP00000341957	9606.ENSP00000357721	0	0	0	0	0.089	0	0	0.835	0.843
TRIM3	KPNA4	9606.ENSP00000433102	9606.ENSP00000334373	0	0	0	0	0	0.525	0	0.461	0.733
TRIM3	MYO5A	9606.ENSP00000433102	9606.ENSP00000382177	0	0	0	0	0	0.512	0	0.705	0.850
TRPV2	ANK1	9606.ENSP00000342222	9606.ENSP00000265709	0	0	0	0	0.042	0	0	0.813	0.813
TUBB2B	ARHGEF2	9606.ENSP00000259818	9606.ENSP00000354837	0	0	0	0	0.042	0	0.900	0.051	0.901
TUBB2B	GJA1	9606.ENSP00000259818	9606.ENSP00000282561	0	0	0	0	0.109	0	0.900	0.401	0.941
TXNL4A	DHX16	9606.ENSP00000269601	9606.ENSP00000365625	0	0	0	0	0.058	0.052	0.900	0.294	0.928
TXNL4A	RBMX2	9606.ENSP00000269601	9606.ENSP00000339090	0	0	0	0	0.049	0.429	0.900	0.085	0.943
TYRP1	CDK1	9606.ENSP00000373570	9606.ENSP00000378699	0	0	0	0	0.103	0.092	0	0.906	0.916
UBE2N	ARIH2	9606.ENSP00000316176	9606.ENSP00000348769	0	0	0	0	0.092	0.314	0	0.571	0.709
UBE2N	SUMO3	9606.ENSP00000316176	9606.ENSP00000409666	0	0	0	0	0.179	0.268	0.500	0.205	0.729
UBE2N	PELI1	9606.ENSP00000316176	9606.ENSP00000351789	0	0	0	0	0.043	0.302	0.500	0.528	0.821
UBE2N	REV3L	9606.ENSP00000316176	9606.ENSP00000351697	0	0	0	0	0	0.528	0	0.709	0.857
UBE2N	KAT5	9606.ENSP00000316176	9606.ENSP00000340330	0	0	0	0	0	0.071	0.500	0.785	0.891
UBE2N	PRKN	9606.ENSP00000316176	9606.ENSP00000355865	0	0	0	0	0	0.842	0.500	0.572	0.963
UQCRC1	GOT2	9606.ENSP00000203407	9606.ENSP00000245206	0	0	0	0	0.419	0.099	0	0.505	0.718
UQCRC1	PTGES2	9606.ENSP00000203407	9606.ENSP00000345341	0	0	0	0	0.411	0.574	0	0.047	0.740
UQCRC1	IDH3B	9606.ENSP00000203407	9606.ENSP00000482773	0	0	0	0	0.663	0.110	0	0.282	0.766
UQCRC1	NDUFB2	9606.ENSP00000203407	9606.ENSP00000419087	0	0	0	0	0.133	0.800	0	0.290	0.866
VAMP1	STX6	9606.ENSP00000379602	9606.ENSP00000258301	0	0	0	0	0	0.296	0.540	0.780	0.922
VRK3	DUSP3	9606.ENSP00000469880	9606.ENSP00000226004	0	0	0	0	0.042	0.095	0.900	0.795	0.979
ZBTB20	ZHX2	9606.ENSP00000419153	9606.ENSP00000314709	0	0	0	0	0.083	0.048	0	0.847	0.854
ZHX2	ZBTB20	9606.ENSP00000314709	9606.ENSP00000419153	0	0	0	0	0.083	0.048	0	0.847	0.854
